№,YouTube ID,Исходное название,YouTube,Основной плейлист,Порядок,Дополнительные плейлисты,Визуальная рубрика,HEX,Язык / среда,Формат,Урок / часть,Надпись на обложке,Статус,Файл в архиве,Разрешение,"Размер, байт",Проверка перед загрузкой,Основание тематики,Источник визуала,Примечания,Старые плейлисты,SHA-256
1,ex8ibsNSCiA,Expo Electronica 2026: Как MOKO SE превратился в RF-SE для РФ | Партнерство с RFTEX,https://www.youtube.com/watch?v=ex8ibsNSCiA,"MOKO — компания, выставки и интервью",1,,Компания · События,#ED6262,Не подтверждён / не применимо,Видео,,MOKO SE → RF-SE,Утверждено · прежние 18 сохранены,thumbnails/ex8ibsNSCiA.jpg,1280 × 720,214424,,"Название, текущие плейлисты и исходная обложка",Ранее согласованный образец/партия. Файл в этой итерации не менялся.,,MOKO - Новинки видео; МОКО - Промо ролики; MOKO - Презентации и интервью,36e7a437b174e54d92893dfcf15fb98398bde37c3bf251e231ae4924e1203797
2,AFPlbt1Zhhw,Простой автоматизированный тест источника питания с помощью MOKO SE #3 Стрим с Олегом Германом,https://www.youtube.com/watch?v=AFPlbt1Zhhw,"Автоматизация измерений — стенды, испытания и поверка",3,Стримы MOKO — разработка и измерения; MOKO SE — возможности и инструкции,Практика · Испытания,#55C9FF,Не подтверждён / не применимо,Стрим,,ТЕСТ ИСТОЧНИКА ПИТАНИЯ,Готово · проверить новый макет,thumbnails/AFPlbt1Zhhw.jpg,1280 × 720,109751,Финальное визуальное согласование; ограничение качества исходного фото,Название + исходная обложка + описание автора,"Исходный интерфейс/фото: сохранён без генеративной перерисовки, обрезаны поля и добавлена рамка.","Исходный интерфейс/фото: сохранён без генеративной перерисовки, обрезаны поля и добавлена рамка. Чёткость фото ограничена исходной обложкой. Для повышения качества нужен оригинальный кадр/снимок; оборудование не дорисовывалось.",MOKO - Новинки видео; MOKO - Презентации и интервью,fc197702e92764c6a20c1a7bba328a34cad5897ef736e13497ca8436810763c4
3,OmXJkxET17k,Автоматизация измерений с Олегом Герман стрим #2,https://www.youtube.com/watch?v=OmXJkxET17k,"Автоматизация измерений — стенды, испытания и поверка",9,Стримы MOKO — разработка и измерения; MOKO SE — возможности и инструкции,Практика · Испытания,#55C9FF,Не подтверждён / не применимо,Стрим,,АВТОМАТИЗАЦИЯ ИЗМЕРЕНИЙ,Готово · проверить новый макет,thumbnails/OmXJkxET17k.jpg,1280 × 720,123616,Финальное визуальное согласование; ограничение качества исходного фото,Название + исходная обложка + описание автора,"Исходный интерфейс/фото: сохранён без генеративной перерисовки, обрезаны поля и добавлена рамка.","Исходный интерфейс/фото: сохранён без генеративной перерисовки, обрезаны поля и добавлена рамка. Чёткость фото ограничена исходной обложкой. Для повышения качества нужен оригинальный кадр/снимок; оборудование не дорисовывалось.",MOKO - Новинки видео; MOKO - Презентации и интервью,090d9d7088c5c390b3643b93984953ca0b6fbc20611de31e3edbde43e5960433
4,a6cwVJ20iwU,Стрим-интервью: Олег Герман и Иван Анищенко о MOKO SE + Новогодняя распаковка подарка!,https://www.youtube.com/watch?v=a6cwVJ20iwU,"MOKO — компания, выставки и интервью",2,Стримы MOKO — разработка и измерения,Компания · События,#ED6262,Не подтверждён / не применимо,Стрим / интервью,,РАЗГОВОР О MOKO SE,Готово · проверить новый макет,thumbnails/a6cwVJ20iwU.jpg,1280 × 720,112843,Финальное визуальное согласование,Название + исходная обложка + описание автора,"Исходный интерфейс/фото: сохранён без генеративной перерисовки, обрезаны поля и добавлена рамка.","Исходный интерфейс/фото: сохранён без генеративной перерисовки, обрезаны поля и добавлена рамка.",MOKO - Новинки видео; MOKO - Презентации и интервью,765fb30aaf8bc6ebf7b01d5bf7435f615183aa06307d1df86adb0899eea51a87
5,OhPQyqKovhA,Стрим #4.2:  Формируем запись в таблицу и структурируем панель подключения к приборам.,https://www.youtube.com/watch?v=OhPQyqKovhA,"Разработка ПО — практика, инструменты и стримы",1,"Стримы MOKO — разработка и измерения; LabVIEW — драйверы, утилиты и плагины",Разработка · Практика,#FF9A48,LabVIEW,Стрим,,ЗАПИСЬ В ТАБЛИЦУ,Готово · проверить новый макет,thumbnails/OhPQyqKovhA.jpg,1280 × 720,112471,Финальное визуальное согласование,Название + исходная обложка + описание автора,"Исходный интерфейс/фото: сохранён без генеративной перерисовки, обрезаны поля и добавлена рамка.","Язык LabVIEW подтверждён описанием автора; основной плейлист практической разработки сохранён, LabVIEW добавлен как дополнительный. Исходный интерфейс/фото: сохранён без генеративной перерисовки, обрезаны поля и добавлена рамка.",MOKO - Новинки видео; MOKO - Уроки по программированию и не только,b48299d4642779c94aac16fdee8dccc5a329e874f11d5f8b531567faeb327eaf
6,feEv04DYWbA,Стрим #4.1: Разработка плагина для скоростного считывания данных с устройств.,https://www.youtube.com/watch?v=feEv04DYWbA,"Разработка ПО — практика, инструменты и стримы",2,"Стримы MOKO — разработка и измерения; LabVIEW — драйверы, утилиты и плагины",Разработка · Практика,#FF9A48,LabVIEW,Стрим,,Пишем плагин,Утверждено · прежние 18 сохранены,thumbnails/feEv04DYWbA.jpg,1280 × 720,232492,,Описание автора / хэштег #labview и исходная обложка,Ранее согласованный образец/партия. Файл в этой итерации не менялся.," Язык LabVIEW подтверждён описанием автора; основной плейлист практической разработки сохранён, LabVIEW добавлен как дополнительный.",MOKO - Новинки видео; MOKO - Уроки по программированию и не только,33c4e652ca3a8c1441334d0d4e15be9efa09168fb61b3fee473491cfe2da008e
7,l3xewCeguhM,Стрим #3: Автоматическое обновление MOKO SE и логирование времени выполнения программы (перезалив),https://www.youtube.com/watch?v=l3xewCeguhM,MOKO SE — возможности и инструкции,4,Стримы MOKO — разработка и измерения,MOKO SE · Инструкции,#55D6C2,Не подтверждён / не применимо,Стрим,,ОБНОВЛЕНИЕ MOKO SE,Готово · проверить новый макет,thumbnails/l3xewCeguhM.jpg,1280 × 720,89246,Финальное визуальное согласование; выбрать оригинал или перезалив для плейлиста,Название + исходная обложка + описание автора,Условная иллюстрация/схема; не изображение конкретной модели или точного интерфейса.,"Оригинал / перезалив одного стрима. Сверить содержание и выбрать основную версию для плейлиста. Не ставить Python/LabVIEW на обложке без подтверждения языка по содержанию. Основной плейлист уточнён по описанию: показ функции MOKO SE, а не отдельная разработка или испытание. Условная иллюстрация/схема; не изображение конкретной модели или точного интерфейса.",MOKO - Новинки видео; MOKO - решения и обзоры,140db0cced010b3d335f275507574bdba6835ddb49f7759eab2fd319eced6659
8,Szt2Qw5Gb7o,Стрим #3: Автоматическое обновление MOKO SE и логирование времени выполнения программы,https://www.youtube.com/watch?v=Szt2Qw5Gb7o,MOKO SE — возможности и инструкции,5,Стримы MOKO — разработка и измерения,MOKO SE · Инструкции,#55D6C2,Не подтверждён / не применимо,Стрим,,ОБНОВЛЕНИЕ MOKO SE,Готово · проверить новый макет,thumbnails/Szt2Qw5Gb7o.jpg,1280 × 720,86513,Финальное визуальное согласование; выбрать оригинал или перезалив для плейлиста,Название + исходная обложка + описание автора,Условная иллюстрация/схема; не изображение конкретной модели или точного интерфейса.,"Оригинал / перезалив одного стрима. Сверить содержание и выбрать основную версию для плейлиста. Не ставить Python/LabVIEW на обложке без подтверждения языка по содержанию. Основной плейлист уточнён по описанию: показ функции MOKO SE, а не отдельная разработка или испытание. Условная иллюстрация/схема; не изображение конкретной модели или точного интерфейса.",MOKO - Новинки видео; MOKO - решения и обзоры,2b57a232420fbeb961d8f2567d7f0413a6ce258f4de3d50255ea5dfc63b3bcb7
9,nnktD99huyE,Тестирование светодиодной фары с помощью MOKO SE,https://www.youtube.com/watch?v=nnktD99huyE,"Автоматизация измерений — стенды, испытания и поверка",4,MOKO SE — возможности и инструкции,Практика · Испытания,#55C9FF,Не подтверждён / не применимо,Видео,,Тест LED-фары,Утверждено · прежние 18 сохранены,thumbnails/nnktD99huyE.jpg,1280 × 720,212559,,"Название, текущие плейлисты и исходная обложка",Ранее согласованный образец/партия. Файл в этой итерации не менялся.,,MOKO - Новинки видео; MOKO - решения и обзоры,4884e7065ed53d600532371777fda6f44e607f44676aeec6311ebf6c6f407740
10,L8DhEf9Mquo,Стрим #2: Обновления в инициализации драйверов и дополнение к раскрутке ошибок,https://www.youtube.com/watch?v=L8DhEf9Mquo,"Разработка ПО — практика, инструменты и стримы",3,Стримы MOKO — разработка и измерения,Разработка · Практика,#FF9A48,Не подтверждён / не применимо,Стрим,,ИНИЦИАЛИЗАЦИЯ ДРАЙВЕРОВ,Готово · проверить новый макет,thumbnails/L8DhEf9Mquo.jpg,1280 × 720,83822,Финальное визуальное согласование,Название + исходная обложка + описание автора,Условная иллюстрация/схема; не изображение конкретной модели или точного интерфейса.,Не ставить Python/LabVIEW на обложке без подтверждения языка по содержанию. Условная иллюстрация/схема; не изображение конкретной модели или точного интерфейса.,MOKO - Новинки видео; MOKO - решения и обзоры,39d7b14f25432fb88334686de0a362fed751ff01b1dbfd7f9634d50956295f9a
11,0M9TZE58Ryg,Автоматизированный стенд тестирования IoT устройств,https://www.youtube.com/watch?v=0M9TZE58Ryg,"Автоматизация измерений — стенды, испытания и поверка",5,MOKO SE — возможности и инструкции,Практика · Испытания,#55C9FF,Не подтверждён / не применимо,Видео,,ТЕСТИРУЕМ IoT-УСТРОЙСТВА,Готово · проверить новый макет,thumbnails/0M9TZE58Ryg.jpg,1280 × 720,120467,Финальное визуальное согласование; ограничение качества исходного фото,Название + исходная обложка + описание автора,"Исходный интерфейс/фото: сохранён без генеративной перерисовки, обрезаны поля и добавлена рамка.","Исходный интерфейс/фото: сохранён без генеративной перерисовки, обрезаны поля и добавлена рамка. Чёткость фото ограничена исходной обложкой. Для повышения качества нужен оригинальный кадр/снимок; оборудование не дорисовывалось.",MOKO - Новинки видео; MOKO - решения и обзоры,179af77c41eaade8807a2c80c654e6e2cd6380531251a677a1d7e3ecc5e0af35
12,i3N3CFncdw8,Стрим #1: Делаем основу драйвера и переделываем скрипт Rohde & Schwarz,https://www.youtube.com/watch?v=i3N3CFncdw8,"Разработка ПО — практика, инструменты и стримы",4,Стримы MOKO — разработка и измерения,Разработка · Практика,#FF9A48,Не подтверждён / не применимо,Стрим,,ДРАЙВЕР И СКРИПТ,Готово · проверить новый макет,thumbnails/i3N3CFncdw8.jpg,1280 × 720,97405,Финальное визуальное согласование,Название + исходная обложка + описание автора,Условная иллюстрация/схема; не изображение конкретной модели или точного интерфейса.,Не ставить Python/LabVIEW на обложке без подтверждения языка по содержанию. Условная иллюстрация/схема; не изображение конкретной модели или точного интерфейса.,MOKO - Новинки видео; MOKO - решения и обзоры,d8d271ce7370b169475d3439bc4375197e7ca3ccff0bf0e06fbd2b47be6a5df6
13,MSGRIN6oUZQ,Анонс управление сторонними приложениями с помощью AutoIt через MOKO SE,https://www.youtube.com/watch?v=MSGRIN6oUZQ,MOKO SE — возможности и инструкции,17,,MOKO SE · Инструкции,#55D6C2,Не подтверждён / не применимо,Видео,,AUTOIT + MOKO SE,Готово · проверить новый макет,thumbnails/MSGRIN6oUZQ.jpg,1280 × 720,79148,Финальное визуальное согласование,Название + исходная обложка + описание автора,Условная иллюстрация/схема; не изображение конкретной модели или точного интерфейса.,Проверить версию программы и актуальность интерфейса перед финальной обложкой. Условная иллюстрация/схема; не изображение конкретной модели или точного интерфейса.,MOKO - Новинки видео; MOKO - решения и обзоры,6f211db9791f1d1802e622239b176aaab5bfd2706d8f22a0b8774e6927a4b5e7
14,tpdw4fKgaEg,Приобретен новый станок для резки металла XT-H1530,https://www.youtube.com/watch?v=tpdw4fKgaEg,Электроника и оборудование — проекты MOKO,1,,Практика · Электроника,#55C9FF,Не подтверждён / не применимо,Видео,,РЕЗКА МЕТАЛЛА,Готово · проверить новый макет,thumbnails/tpdw4fKgaEg.jpg,1280 × 720,97547,Финальное визуальное согласование; ограничение качества исходного фото,Название + исходная обложка + описание автора,"Исходный интерфейс/фото: сохранён без генеративной перерисовки, обрезаны поля и добавлена рамка.","Исходный интерфейс/фото: сохранён без генеративной перерисовки, обрезаны поля и добавлена рамка. Чёткость фото ограничена исходной обложкой. Для повышения качества нужен оригинальный кадр/снимок; оборудование не дорисовывалось.",MOKO - Новинки видео; MOKO - решения и обзоры,aca17008b7ee191da9e6ddb17a0da91655cf342777da2e0b73b17dccca171fb9
15,CllBnT_-hKs,Автоматизированная поверка мультиметра на базе MOKO SE - демо проект,https://www.youtube.com/watch?v=CllBnT_-hKs,"Автоматизация измерений — стенды, испытания и поверка",2,MOKO SE — возможности и инструкции,Практика · Испытания,#55C9FF,Не подтверждён / не применимо,Видео,,ПОВЕРКА МУЛЬТИМЕТРА,Готово · проверить новый макет,thumbnails/CllBnT_-hKs.jpg,1280 × 720,127649,Финальное визуальное согласование,Название + исходная обложка + описание автора,"Исходный интерфейс/фото: сохранён без генеративной перерисовки, обрезаны поля и добавлена рамка.","Исходный интерфейс/фото: сохранён без генеративной перерисовки, обрезаны поля и добавлена рамка.",MOKO - Новинки видео; MOKO - решения и обзоры,ca7320cc23153f96ab1d2f319561d71c0909e47e8fbae999ac20a7c2a3cb4816
16,HEmNyEcmrZY,Урок №14. Дерево. Одноименные регионы и хэшы,https://www.youtube.com/watch?v=HEmNyEcmrZY,Python — автоматизация в MOKO SE,21,,Уроки Python,#B8EB55,Python,Урок,14,Дерево данных,Утверждено · прежние 18 сохранены,thumbnails/HEmNyEcmrZY.jpg,1280 × 720,156959,,Текущий плейлист Python + исходная обложка,Ранее согласованный образец/партия. Файл в этой итерации не менялся.,,Уроки Python - MOKO SE,323fe1ed66247899d107539aa1e8d09b98c85d5d39224492a430448bbf5afce6
17,KmLxID8LONo,Урок №2.2. Утилиты. Подключение к MOKO SE,https://www.youtube.com/watch?v=KmLxID8LONo,"LabVIEW — драйверы, утилиты и плагины",5,"Разработка ПО — практика, инструменты и стримы",Разработка · LabVIEW,#FF9A48,LabVIEW,Урок,2.2,ПОДКЛЮЧАЕМ УТИЛИТУ,Готово · проверить новый макет,thumbnails/KmLxID8LONo.jpg,1280 × 720,97261,Финальное визуальное согласование,Название + исходная обложка + описание автора,Условная иллюстрация/схема; не изображение конкретной модели или точного интерфейса.,Условная иллюстрация/схема; не изображение конкретной модели или точного интерфейса.,Разработка драйверов и утилит - MOKO SE,4b9f413632d601dec906fe73f5bdb609bc3091dd375d25cdc754fefe56f8a712
18,J_5qLMX5uNs,Урок №2.1. Утилиты. Разработка и компиляция,https://www.youtube.com/watch?v=J_5qLMX5uNs,"LabVIEW — драйверы, утилиты и плагины",4,"Разработка ПО — практика, инструменты и стримы",Разработка · LabVIEW,#FF9A48,LabVIEW,Урок,2.1,СОЗДАЁМ УТИЛИТУ,Готово · проверить новый макет,thumbnails/J_5qLMX5uNs.jpg,1280 × 720,97895,Финальное визуальное согласование,Название + исходная обложка + описание автора,Условная иллюстрация/схема; не изображение конкретной модели или точного интерфейса.,Условная иллюстрация/схема; не изображение конкретной модели или точного интерфейса.,Разработка драйверов и утилит - MOKO SE,dfbc8dc0383841436133039c3a9bd7954aa6786ddd67569860c78dbc3c385bb9
19,shP4XNNsC6Q,Урок №1.2. Драйверы. Подключение к MOKO SE,https://www.youtube.com/watch?v=shP4XNNsC6Q,"LabVIEW — драйверы, утилиты и плагины",3,"Разработка ПО — практика, инструменты и стримы",Разработка · LabVIEW,#FF9A48,LabVIEW,Урок,1.2,Подключаем драйвер,Утверждено · прежние 18 сохранены,thumbnails/shP4XNNsC6Q.jpg,1280 × 720,197872,,Название LabVIEW или логотип LabVIEW на исходной обложке,Ранее согласованный образец/партия. Файл в этой итерации не менялся.,,Разработка драйверов и утилит - MOKO SE,a26ba743fa81a78b377f5548d9a53f5442a708daaa9a3268a511c77e84b646bc
20,EsLUSn9RDL4,Урок №1.1. Драйверы. Разработка и компиляция,https://www.youtube.com/watch?v=EsLUSn9RDL4,"LabVIEW — драйверы, утилиты и плагины",2,"Разработка ПО — практика, инструменты и стримы",Разработка · LabVIEW,#FF9A48,LabVIEW,Урок,1.1,Создаём драйвер,Утверждено · прежние 18 сохранены,thumbnails/EsLUSn9RDL4.jpg,1280 × 720,195834,,Название LabVIEW или логотип LabVIEW на исходной обложке,Ранее согласованный образец/партия. Файл в этой итерации не менялся.,,Разработка драйверов и утилит - MOKO SE,e78db47b4497d31327055ab5b15039c3e0384024e107c759652f5382deaa591c
21,zv4wZlanZzg,Урок №0. Введение. Установка ПО для разработки утилит и драйверов,https://www.youtube.com/watch?v=zv4wZlanZzg,"LabVIEW — драйверы, утилиты и плагины",1,"Разработка ПО — практика, инструменты и стримы",Разработка · LabVIEW,#FF9A48,LabVIEW,Урок,0,СРЕДА РАЗРАБОТКИ,Готово · проверить новый макет,thumbnails/zv4wZlanZzg.jpg,1280 × 720,83545,Финальное визуальное согласование; архивная версия программы/ОС,Название + исходная обложка + описание автора,Условная иллюстрация/схема; не изображение конкретной модели или точного интерфейса.,Условная иллюстрация/схема; не изображение конкретной модели или точного интерфейса.,Разработка драйверов и утилит - MOKO SE,7ae81d389c6c866f9660385fd154b96657030b1dca5b4d595dcd3baaccc379c5
22,E2Wj5L17Oxo,"Урок №13.2. Плагин MOKO Clicker. Команды Screenshot, PngPath и PngFile",https://www.youtube.com/watch?v=E2Wj5L17Oxo,Python — автоматизация в MOKO SE,20,,Уроки Python,#B8EB55,Python,Урок,13.2,СНИМКИ ЭКРАНА,Готово · проверить новый макет,thumbnails/E2Wj5L17Oxo.jpg,1280 × 720,89777,Финальное визуальное согласование,Название + исходная обложка + описание автора,Условная иллюстрация/схема; не изображение конкретной модели или точного интерфейса.,Условная иллюстрация/схема; не изображение конкретной модели или точного интерфейса.,Уроки Python - MOKO SE,298878356934db953f8b095f9e40ccefe7d13a41c4404ffdf522425b9e11977f
23,kuzcOBW11rk,Урок №13.1. Плагин MOKO Clicker. Команды управления кнопками мыши и курсором,https://www.youtube.com/watch?v=kuzcOBW11rk,Python — автоматизация в MOKO SE,19,,Уроки Python,#B8EB55,Python,Урок,13.1,УПРАВЛЕНИЕ МЫШЬЮ,Готово · проверить новый макет,thumbnails/kuzcOBW11rk.jpg,1280 × 720,94913,Финальное визуальное согласование,Название + исходная обложка + описание автора,Условная иллюстрация/схема; не изображение конкретной модели или точного интерфейса.,Условная иллюстрация/схема; не изображение конкретной модели или точного интерфейса.,Уроки Python - MOKO SE,8cae2789a31847ea7f9b4a37443542ab67bf9920d7f7c15314596e2e0823dc19
24,aSjRYZWMfjc,"Урок №12.3. Плагин MOKO Graph. Команды Autoscale, Screenshot и Legend",https://www.youtube.com/watch?v=aSjRYZWMfjc,Python — автоматизация в MOKO SE,18,,Уроки Python,#B8EB55,Python,Урок,12.3,НАСТРОЙКА ГРАФИКОВ,Готово · проверить новый макет,thumbnails/aSjRYZWMfjc.jpg,1280 × 720,93544,Финальное визуальное согласование,Название + исходная обложка + описание автора,Условная иллюстрация/схема; не изображение конкретной модели или точного интерфейса.,Условная иллюстрация/схема; не изображение конкретной модели или точного интерфейса.,Уроки Python - MOKO SE,62c7fb02779f4c216ad897cb2fc7b123099855aedf0e91ad305a4d1403edc777
25,jq_D-9nsomg,"Урок №12.2. Плагин MOKO Graph. Команды HideLine, ShowLine, ShowOnlyLine и DeleteLine",https://www.youtube.com/watch?v=jq_D-9nsomg,Python — автоматизация в MOKO SE,17,,Уроки Python,#B8EB55,Python,Урок,12.2,УПРАВЛЕНИЕ ЛИНИЯМИ,Готово · проверить новый макет,thumbnails/jq_D-9nsomg.jpg,1280 × 720,87821,Финальное визуальное согласование,Название + исходная обложка + описание автора,Условная иллюстрация/схема; не изображение конкретной модели или точного интерфейса.,Условная иллюстрация/схема; не изображение конкретной модели или точного интерфейса.,Уроки Python - MOKO SE,968b0d0bd1742238d6fedbf3432ac93df7363bbe3c738eeb3ccc829e8232e696
26,b5zjy0PHU0s,"Урок №12.1. Плагин MOKO Graph. Добавление графиков и их изменение, подпись осей и очистка графика",https://www.youtube.com/watch?v=b5zjy0PHU0s,Python — автоматизация в MOKO SE,16,,Уроки Python,#B8EB55,Python,Урок,12.1,Графики в MOKO SE,Утверждено · прежние 18 сохранены,thumbnails/b5zjy0PHU0s.jpg,1280 × 720,148658,,Текущий плейлист Python + исходная обложка,Ранее согласованный образец/партия. Файл в этой итерации не менялся.,,Уроки Python - MOKO SE,195c466918faa11c7d4b2b204353372eb3f5a27e7d5358a457e0134654f1619f
27,-WRagVBYLxg,Урок №11.3. Архитектура проекта. Скрипт формирования протокола,https://www.youtube.com/watch?v=-WRagVBYLxg,Python — автоматизация в MOKO SE,15,,Уроки Python,#B8EB55,Python,Урок,11.3,ФОРМИРУЕМ ПРОТОКОЛ,Готово · проверить новый макет,thumbnails/-WRagVBYLxg.jpg,1280 × 720,114761,Финальное визуальное согласование,Название + исходная обложка + описание автора,Условная иллюстрация/схема; не изображение конкретной модели или точного интерфейса.,Условная иллюстрация/схема; не изображение конкретной модели или точного интерфейса.,Уроки Python - MOKO SE,eb6ce4402e1263081968c9f53215508d775ded1c94db7903bab1b185d7dec802
28,Tiff450MBJ4,Урок №11.2. Архитектура проекта. Скрипты испытаний,https://www.youtube.com/watch?v=Tiff450MBJ4,Python — автоматизация в MOKO SE,14,,Уроки Python,#B8EB55,Python,Урок,11.2,СКРИПТЫ ИСПЫТАНИЙ,Готово · проверить новый макет,thumbnails/Tiff450MBJ4.jpg,1280 × 720,93116,Финальное визуальное согласование,Название + исходная обложка + описание автора,Условная иллюстрация/схема; не изображение конкретной модели или точного интерфейса.,Условная иллюстрация/схема; не изображение конкретной модели или точного интерфейса.,Уроки Python - MOKO SE,58360b7bae892f60fe6e639eae451bd6e242069d70038708e2339a5c90c2a8c4
29,egIx1gEHksA,Урок №11.1. Архитектура проекта. Регистрация образца,https://www.youtube.com/watch?v=egIx1gEHksA,Python — автоматизация в MOKO SE,13,,Уроки Python,#B8EB55,Python,Урок,11.1,РЕГИСТРАЦИЯ ОБРАЗЦА,Готово · проверить новый макет,thumbnails/egIx1gEHksA.jpg,1280 × 720,78925,Финальное визуальное согласование,Название + исходная обложка + описание автора,Условная иллюстрация/схема; не изображение конкретной модели или точного интерфейса.,Условная иллюстрация/схема; не изображение конкретной модели или точного интерфейса.,Уроки Python - MOKO SE,546e8c7a3866d2cf2431a584b5537d259e6da13a7f2cdc2a21dfe7f665c37edd
30,tXsjlxHMt6Y,Урок №10. Функция Telegram. Подключение телеграм бота MOKO SE BOT и его использование,https://www.youtube.com/watch?v=tXsjlxHMt6Y,Python — автоматизация в MOKO SE,12,,Уроки Python,#B8EB55,Python,Урок,10,Telegram + MOKO SE,Утверждено · прежние 18 сохранены,thumbnails/tXsjlxHMt6Y.jpg,1280 × 720,149715,,Текущий плейлист Python + исходная обложка,Ранее согласованный образец/партия. Файл в этой итерации не менялся.,,Уроки Python - MOKO SE,b81cae283dd4c90f863902f7673ef431ed787c70a13ac9567d02a83f312d9ded
31,FKGsam4DP6w,Урок №9. Функция Program. Управление MOKO SE из скрипта,https://www.youtube.com/watch?v=FKGsam4DP6w,Python — автоматизация в MOKO SE,11,,Уроки Python,#B8EB55,Python,Урок,9,УПРАВЛЯЕМ ИЗ СКРИПТА,Готово · проверить новый макет,thumbnails/FKGsam4DP6w.jpg,1280 × 720,103229,Финальное визуальное согласование,Название + исходная обложка + описание автора,Условная иллюстрация/схема; не изображение конкретной модели или точного интерфейса.,Условная иллюстрация/схема; не изображение конкретной модели или точного интерфейса.,Уроки Python - MOKO SE,7b19d915371cca7c967e07f06014704f9d2c44314d6fbc1b0a4de615c322ea32
32,oUseu_82YBM,Урок №8. Функция Utility. Окно с интерфейсом для заполнения формы,https://www.youtube.com/watch?v=oUseu_82YBM,Python — автоматизация в MOKO SE,10,,Уроки Python,#B8EB55,Python,Урок,8,ФОРМА ВВОДА ДАННЫХ,Готово · проверить новый макет,thumbnails/oUseu_82YBM.jpg,1280 × 720,96620,Финальное визуальное согласование,Название + исходная обложка + описание автора,Условная иллюстрация/схема; не изображение конкретной модели или точного интерфейса.,Условная иллюстрация/схема; не изображение конкретной модели или точного интерфейса.,Уроки Python - MOKO SE,a34225b0505631ea9b6d1b0840d244d7bfc9bcbb060f2d9c46935915762a91c1
33,LXg7Ql5Aye0,"Урок №7. Функция Plugin. Прорисовка графиков, подключение к БД, управление группой устройств",https://www.youtube.com/watch?v=LXg7Ql5Aye0,Python — автоматизация в MOKO SE,9,,Уроки Python,#B8EB55,Python,Урок,7,РАБОТА С ПЛАГИНАМИ,Готово · проверить новый макет,thumbnails/LXg7Ql5Aye0.jpg,1280 × 720,94067,Финальное визуальное согласование,Название + исходная обложка + описание автора,Условная иллюстрация/схема; не изображение конкретной модели или точного интерфейса.,Условная иллюстрация/схема; не изображение конкретной модели или точного интерфейса.,Уроки Python - MOKO SE,bcf9828bd0607c123e496b0f21f080444c4b30d9560e42e51c89654be8e55999
34,S3gTxhKKBOs,Урок №6. Функция Driver. Отправка и получение данных из электронных приборов,https://www.youtube.com/watch?v=S3gTxhKKBOs,Python — автоматизация в MOKO SE,8,,Уроки Python,#B8EB55,Python,Урок,6,Обмен с приборами,Утверждено · прежние 18 сохранены,thumbnails/S3gTxhKKBOs.jpg,1280 × 720,152577,,Плейлист Python + исходная обложка + описание и таймкоды автора,Ранее согласованный образец/партия. Файл в этой итерации не менялся.,"Устанавливаем значения и получаем данные через функцию Driver; далее формируется протокол Word. Это Python-урок, не курс разработки LabVIEW-драйвера. Прибор — условная иллюстрация без модели и показаний.",Уроки Python - MOKO SE,c8cf6735b580c3dba6637a5991be11373460238c01e7f1ffe6428b51f162734a
35,oJktpGbr7WA,"Урок №5. Функция Report. Сохранение, очистка и удаление строк, таблиц и картинок",https://www.youtube.com/watch?v=oJktpGbr7WA,Python — автоматизация в MOKO SE,7,,Уроки Python,#B8EB55,Python,Урок,5,Создаём отчёты,Утверждено · прежние 18 сохранены,thumbnails/oJktpGbr7WA.jpg,1280 × 720,173990,,Текущий плейлист Python + исходная обложка,Ранее согласованный образец/партия. Файл в этой итерации не менялся.,,Уроки Python - MOKO SE,619c98530154154a7889adedc8b5c346384584e491746aa5b3bd58d14e06e0bb
36,w9YARQn9SFs,"Урок №4. Функция Messenger. Использование разных режимов, типов и вставка картинок",https://www.youtube.com/watch?v=w9YARQn9SFs,Python — автоматизация в MOKO SE,6,,Уроки Python,#B8EB55,Python,Урок,4,Диалоговые окна,Утверждено · прежние 18 сохранены,thumbnails/w9YARQn9SFs.jpg,1280 × 720,151575,,Плейлист Python + исходная обложка + описание и таймкоды автора,Ранее согласованный образец/партия. Файл в этой итерации не менялся.,"Messenger формирует окна, таймер, ввод string/boolean, выбор и изображения. Не изображать социальный мессенджер, Telegram или переписку.",Уроки Python - MOKO SE,dee4835d5563f940df6dfa63da444fd7cc336202f8b5ff347a76b2068baa496c
37,koGtgs5iNfk,Урок №3. Функция Stage. Предназначение разных типов,https://www.youtube.com/watch?v=koGtgs5iNfk,Python — автоматизация в MOKO SE,5,,Уроки Python,#B8EB55,Python,Урок,3,Типы сообщений,Утверждено · прежние 18 сохранены,thumbnails/koGtgs5iNfk.jpg,1280 × 720,141031,,Плейлист Python + исходная обложка + описание и таймкоды автора,Ранее согласованный образец/партия. Файл в этой итерации не менялся.,"Исправлен прежний черновой смысл «этапы программы». В описании перечислены типы info, error, plugin, driver, report, warning. Правая карточка — схема типов, не снимок интерфейса.",Уроки Python - MOKO SE,d3caf705a12b4ea1f671da19a7573151b40b8bbf013fa8bf05992da7218b0c07
38,9QniN5XarQo,Урок №2. Запуск проекта. Импорт библиотеки MOKO и применение стандартных функций.,https://www.youtube.com/watch?v=9QniN5XarQo,Python — автоматизация в MOKO SE,4,,Уроки Python,#B8EB55,Python,Урок,2,Запускаем проект,Утверждено · прежние 18 сохранены,thumbnails/9QniN5XarQo.jpg,1280 × 720,147942,,Плейлист Python + исходная обложка + описание и таймкоды автора,Ранее согласованный образец/партия. Файл в этой итерации не менялся.,"Описание и главы: изменение имени скрипта, заполнение трёх скриптов и повторные запуски. Не смешивать со сборкой проекта в уроке 1.",Уроки Python - MOKO SE,633f44e2ea395c2e083e81e607cd09eaf87c394143bcb47fe6f341b5e96dba00
39,tgIy0Ra-mn0,Урок №0.1. Разбираем предназначение всех папок в директории платформы.,https://www.youtube.com/watch?v=tgIy0Ra-mn0,Python — автоматизация в MOKO SE,2,,Уроки Python,#B8EB55,Python,Урок,0.1,Структура папок,Утверждено · прежние 18 сохранены,thumbnails/tgIy0Ra-mn0.jpg,1280 × 720,178179,,Плейлист Python + исходная обложка + описание и таймкоды автора,Ранее согласованный образец/партия. Файл в этой итерации не менялся.,"По описанию: назначение Data, Drivers, Images, Plugins, Projects, PythonLibrary и остальных папок. Иллюстрация папок, не абстрактное дерево данных из урока 14.",Уроки Python - MOKO SE,b3e338c70e5ad6790e94bb9f665d14b35995159eac06965988e25f0fc757b339
40,pzxfkmvQW2U,"Урок №1. Создание проекта: подключение скриптов, библиотек и шаблона Microsoft Word.",https://www.youtube.com/watch?v=pzxfkmvQW2U,Python — автоматизация в MOKO SE,3,,Уроки Python,#B8EB55,Python,Урок,1,Собираем проект,Утверждено · прежние 18 сохранены,thumbnails/pzxfkmvQW2U.jpg,1280 × 720,155191,,Плейлист Python + исходная обложка + описание и таймкоды автора,Ранее согласованный образец/партия. Файл в этой итерации не менялся.,"Подключение трёх скриптов, MOKO.py и шаблона Microsoft Word. Концептуальная схема сборки, без выдуманных настроек программы.",Уроки Python - MOKO SE,c2e970038e8e20376d7e415785068acf86bca919f34939a739ecc3884319b9f2
41,BSgXt5addDM,Урок №0. Введение. Установка MOKO SE и PyCharm,https://www.youtube.com/watch?v=BSgXt5addDM,Python — автоматизация в MOKO SE,1,,Уроки Python,#B8EB55,Python,Урок,0,Первый запуск,Утверждено · прежние 18 сохранены,thumbnails/BSgXt5addDM.jpg,1280 × 720,149341,,Текущий плейлист Python + исходная обложка,Ранее согласованный образец/партия. Файл в этой итерации не менялся.,,Уроки Python - MOKO SE,840efdc02893cb13f6d4fbd18fa698fb962e190081157a81f76907c248b9302e
42,e_2bLrqE6sk,Контроллеры Управления и Телеметрии.  Системы телеметрии. Моноблоки.,https://www.youtube.com/watch?v=e_2bLrqE6sk,Электроника и оборудование — проекты MOKO,2,,Практика · Электроника,#55C9FF,Не подтверждён / не применимо,Видео,,КОНТРОЛЛЕРЫ И ТЕЛЕМЕТРИЯ,Готово · проверить новый макет,thumbnails/e_2bLrqE6sk.jpg,1280 × 720,120974,Финальное визуальное согласование; ограничение качества исходного фото,Название + исходная обложка + описание автора,"Исходный интерфейс/фото: сохранён без генеративной перерисовки, обрезаны поля и добавлена рамка.","Исходный интерфейс/фото: сохранён без генеративной перерисовки, обрезаны поля и добавлена рамка. Чёткость фото ограничена исходной обложкой. Для повышения качества нужен оригинальный кадр/снимок; оборудование не дорисовывалось.",MOKO - Новинки видео; MOKO - решения и обзоры,db0f84e1d5fefeaf97cdb4181cfe1926676f2f5a261073031862c5fabb8383e5
43,UO_n5resEjA,Как сделать ассоциативные файлы с программой,https://www.youtube.com/watch?v=UO_n5resEjA,"Разработка ПО — практика, инструменты и стримы",5,,Разработка · Практика,#FF9A48,Не подтверждён / не применимо,Видео,,ФАЙЛЫ И ПРОГРАММА,Готово · проверить новый макет,thumbnails/UO_n5resEjA.jpg,1280 × 720,82875,Финальное визуальное согласование,Название + исходная обложка + описание автора,Условная иллюстрация/схема; не изображение конкретной модели или точного интерфейса.,Условная иллюстрация/схема; не изображение конкретной модели или точного интерфейса.,MOKO - Новинки видео; MOKO - Уроки по программированию и не только,5e0a49172ec177875b6c80249ffc444cd3b9311aa2531fa76b4007abc5b98d29
44,zdXMG-IOhjA,Johnny Respect - проморолик,https://www.youtube.com/watch?v=zdXMG-IOhjA,Медиапроекты MOKO — промо и съёмки,1,,Медиа · Портфолио,#B69AFF,Не подтверждён / не применимо,Промо,,JOHNNY RESPECT,Готово · проверить новый макет,thumbnails/zdXMG-IOhjA.jpg,1280 × 720,98938,Финальное визуальное согласование; ограничение качества исходного фото,Название + исходная обложка; содержательное описание ограничено,"Исходный интерфейс/фото: сохранён без генеративной перерисовки, обрезаны поля и добавлена рамка.","Исходный интерфейс/фото: сохранён без генеративной перерисовки, обрезаны поля и добавлена рамка. Чёткость фото ограничена исходной обложкой. Для повышения качества нужен оригинальный кадр/снимок; оборудование не дорисовывалось.",МОКО - Промо ролики,4bb6a7a2e45ed380f6411bd3f4ca79cd54034dcb7ce2c32d70b34ed3a7f80462
45,hirOeoPDYvY,MOKO SE - платформа для автоматизации.,https://www.youtube.com/watch?v=hirOeoPDYvY,MOKO SE — возможности и инструкции,2,,MOKO SE · Инструкции,#55D6C2,Не подтверждён / не применимо,Видео,,MOKO SE АВТОМАТИЗАЦИЯ,Готово · проверить новый макет,thumbnails/hirOeoPDYvY.jpg,1280 × 720,85652,Финальное визуальное согласование,Название + исходная обложка; содержательное описание ограничено,Условная иллюстрация/схема; не изображение конкретной модели или точного интерфейса.,Проверить версию программы и актуальность интерфейса перед финальной обложкой. Условная иллюстрация/схема; не изображение конкретной модели или точного интерфейса.,МОКО - Промо ролики,9e770344ea3f13f74c10f48195c55b1f76dc21ac71e3cbe923157ab94259094d
46,9IOlJ_qBQ74,MOKO SE - платформа для автоматизации. Магия.,https://www.youtube.com/watch?v=9IOlJ_qBQ74,MOKO SE — возможности и инструкции,3,,MOKO SE · Инструкции,#55D6C2,Не подтверждён / не применимо,Видео,,MOKO SE В ДЕЙСТВИИ,Готово · проверить новый макет,thumbnails/9IOlJ_qBQ74.jpg,1280 × 720,99714,Финальное визуальное согласование,Название + исходная обложка; содержательное описание ограничено,Условная иллюстрация/схема; не изображение конкретной модели или точного интерфейса.,Проверить версию программы и актуальность интерфейса перед финальной обложкой. Условная иллюстрация/схема; не изображение конкретной модели или точного интерфейса.,МОКО - Промо ролики,d0edef74655449801b3ec264d4344ac6691ee8c33ce0fcfe65a8447a267c3b88
47,gb45P9-3Yfk,Интеграция TELEGRAM бота в MOKO SE,https://www.youtube.com/watch?v=gb45P9-3Yfk,MOKO SE — возможности и инструкции,16,"Разработка ПО — практика, инструменты и стримы",MOKO SE · Инструкции,#55D6C2,Не подтверждён / не применимо,Видео,,TELEGRAM В MOKO SE,Готово · проверить новый макет,thumbnails/gb45P9-3Yfk.jpg,1280 × 720,97522,Финальное визуальное согласование,Название + исходная обложка + описание автора,Условная иллюстрация/схема; не изображение конкретной модели или точного интерфейса.,Условная иллюстрация/схема; не изображение конкретной модели или точного интерфейса.,MOKO - Новинки видео; MOKO SE - Платформа для автоматизации измерений,d89a110a40be0abbccf72a52df4b458c44f8e1a45429cb3945ea0ce67bd281a9
48,VzMZ4ohlJhI,Использование картинок в Message и Report. MOKO SE,https://www.youtube.com/watch?v=VzMZ4ohlJhI,MOKO SE — возможности и инструкции,11,,MOKO SE · Инструкции,#55D6C2,Не подтверждён / не применимо,Видео,,ИЗОБРАЖЕНИЯ В ОТЧЁТАХ,Готово · проверить новый макет,thumbnails/VzMZ4ohlJhI.jpg,1280 × 720,83320,Финальное визуальное согласование,Название + исходная обложка + описание автора,Условная иллюстрация/схема; не изображение конкретной модели или точного интерфейса.,Условная иллюстрация/схема; не изображение конкретной модели или точного интерфейса.,MOKO - Новинки видео; MOKO SE - Платформа для автоматизации измерений,efef9d7b1d53eec31c326bba11e4d9664ec1b5da9a519626cf9284a8f8900262
49,crbctMTtlG8,Мини обзор на Моноблоки Тесла с сенсорным дисплеем.,https://www.youtube.com/watch?v=crbctMTtlG8,Электроника и оборудование — проекты MOKO,3,,Практика · Электроника,#55C9FF,Не подтверждён / не применимо,Видео,,СЕНСОРНЫЕ МОНОБЛОКИ,Готово · проверить новый макет,thumbnails/crbctMTtlG8.jpg,1280 × 720,135244,Финальное визуальное согласование; ограничение качества исходного фото,Название + исходная обложка + описание автора,"Исходный интерфейс/фото: сохранён без генеративной перерисовки, обрезаны поля и добавлена рамка.","Исходный интерфейс/фото: сохранён без генеративной перерисовки, обрезаны поля и добавлена рамка. Чёткость фото ограничена исходной обложкой. Для повышения качества нужен оригинальный кадр/снимок; оборудование не дорисовывалось.",MOKO - Новинки видео; MOKO - решения и обзоры,128ca888e6e30d3b012de56116b698bec8ae384e9e62bf0d19904db057c9e878
50,WY41Ggzugy4,Презентация MOKO SE: большая не обрезанная. Знакомство и первый запуск.,https://www.youtube.com/watch?v=WY41Ggzugy4,MOKO SE — возможности и инструкции,1,,MOKO SE · Инструкции,#55D6C2,Не подтверждён / не применимо,Видео,,ЗНАКОМСТВО С MOKO SE,Готово · проверить новый макет,thumbnails/WY41Ggzugy4.jpg,1280 × 720,99348,Финальное визуальное согласование,Название + исходная обложка + описание автора,Условная иллюстрация/схема; не изображение конкретной модели или точного интерфейса.,Проверить версию программы и актуальность интерфейса перед финальной обложкой. Условная иллюстрация/схема; не изображение конкретной модели или точного интерфейса.,MOKO - Новинки видео; MOKO SE - Платформа для автоматизации измерений,1a28dc4bca2f3037993ba1528d38ce290c10b15baf2c87eee16bdc7519debe95
51,DStpNxJKxiI,Создаем уникальную кнопку в Labview,https://www.youtube.com/watch?v=DStpNxJKxiI,"LabVIEW — драйверы, утилиты и плагины",8,"Разработка ПО — практика, инструменты и стримы",Разработка · LabVIEW,#FF9A48,LabVIEW,Урок,,УНИКАЛЬНАЯ КНОПКА,Готово · проверить новый макет,thumbnails/DStpNxJKxiI.jpg,1280 × 720,109715,Финальное визуальное согласование,Название + исходная обложка + описание автора,"Исходный интерфейс/фото: сохранён без генеративной перерисовки, обрезаны поля и добавлена рамка.","Исходный интерфейс/фото: сохранён без генеративной перерисовки, обрезаны поля и добавлена рамка.",MOKO - Уроки по программированию и не только,818a83aacd52ad3059cf7e2d33a6d09ede6d69654cdeba4b76390f3dcdf07541
52,TSAL-e7zO8Q,Делаем вместе c Johnny Respect каталог продукции МОКО.,https://www.youtube.com/watch?v=TSAL-e7zO8Q,Медиапроекты MOKO — промо и съёмки,2,,Медиа · Портфолио,#B69AFF,Не подтверждён / не применимо,Промо,,КАТАЛОГ ПРОДУКЦИИ,Готово · проверить новый макет,thumbnails/TSAL-e7zO8Q.jpg,1280 × 720,108243,Финальное визуальное согласование; ограничение качества исходного фото,Название + исходная обложка + описание автора,"Исходный интерфейс/фото: сохранён без генеративной перерисовки, обрезаны поля и добавлена рамка.","Исходный интерфейс/фото: сохранён без генеративной перерисовки, обрезаны поля и добавлена рамка. Чёткость фото ограничена исходной обложкой. Для повышения качества нужен оригинальный кадр/снимок; оборудование не дорисовывалось.",MOKO - решения и обзоры,353f7f91924a0d1b825a674d5b672ccb25b9aec256216ab26c7104aec24164d9
53,S1q0p8HLVqY,MOKO SE - Создание PDF документов,https://www.youtube.com/watch?v=S1q0p8HLVqY,MOKO SE — возможности и инструкции,8,,MOKO SE · Инструкции,#55D6C2,Не подтверждён / не применимо,Видео,,СОЗДАЁМ PDF-ОТЧЁТЫ,Готово · проверить новый макет,thumbnails/S1q0p8HLVqY.jpg,1280 × 720,80533,Финальное визуальное согласование,Название + исходная обложка + описание автора,Условная иллюстрация/схема; не изображение конкретной модели или точного интерфейса.,Условная иллюстрация/схема; не изображение конкретной модели или точного интерфейса.,MOKO SE - Платформа для автоматизации измерений,a7281b09e647d941481fa9f95a0901753cc3c68164812a79cbfcbe9b4e49c5e9
54,dOhiPXQIljo,Управление запуском скриптов. MOKO SE.,https://www.youtube.com/watch?v=dOhiPXQIljo,MOKO SE — возможности и инструкции,6,,MOKO SE · Инструкции,#55D6C2,Не подтверждён / не применимо,Видео,,ЗАПУСК СКРИПТОВ,Готово · проверить новый макет,thumbnails/dOhiPXQIljo.jpg,1280 × 720,128226,Финальное визуальное согласование,Название + исходная обложка + описание автора,"Исходный интерфейс/фото: сохранён без генеративной перерисовки, обрезаны поля и добавлена рамка.","Проверить версию программы и актуальность интерфейса перед финальной обложкой. Исходный интерфейс/фото: сохранён без генеративной перерисовки, обрезаны поля и добавлена рамка.",MOKO SE - Платформа для автоматизации измерений,09d2b63c5d3f0b74e7961b11e964d61d4a060e62e30163f08bfd44df7a91ce30
55,2BudDX-Tjqc,Контроллер управления холодильниками ATLANT + мобильное приложение,https://www.youtube.com/watch?v=2BudDX-Tjqc,Электроника и оборудование — проекты MOKO,4,,Практика · Электроника,#55C9FF,Не подтверждён / не применимо,Видео,,КОНТРОЛЛЕР ATLANT,Готово · проверить новый макет,thumbnails/2BudDX-Tjqc.jpg,1280 × 720,118751,Финальное визуальное согласование,Название + исходная обложка; содержательное описание ограничено,"Исходный интерфейс/фото: сохранён без генеративной перерисовки, обрезаны поля и добавлена рамка.","Исходный интерфейс/фото: сохранён без генеративной перерисовки, обрезаны поля и добавлена рамка.",MOKO - решения и обзоры,db845d04bcaaf7b47009a067647054308004ca32f82bce815bded5bb76163745
56,VeR-7cU_-Mc,БелЭнергоКип - промо ролик,https://www.youtube.com/watch?v=VeR-7cU_-Mc,Медиапроекты MOKO — промо и съёмки,3,,Медиа · Портфолио,#B69AFF,Не подтверждён / не применимо,Промо,,БЕЛЭНЕРГОКИП ПРОМОРОЛИК,Готово · проверить новый макет,thumbnails/VeR-7cU_-Mc.jpg,1280 × 720,123188,Финальное визуальное согласование,Название + исходная обложка; содержательное описание ограничено,"Исходный интерфейс/фото: сохранён без генеративной перерисовки, обрезаны поля и добавлена рамка.","Исходный интерфейс/фото: сохранён без генеративной перерисовки, обрезаны поля и добавлена рамка.",МОКО - Промо ролики,e5ae1f1028c78785902abf014e11455f68c72fa47a58c24de75e22d1e5e14340
57,ASLRmlpA5Xw,Модернизированный аппарат для упаковки от компании МОКО.,https://www.youtube.com/watch?v=ASLRmlpA5Xw,Электроника и оборудование — проекты MOKO,5,,Практика · Электроника,#55C9FF,Не подтверждён / не применимо,Видео,,МОДЕРНИЗАЦИЯ УПАКОВКИ,Готово · проверить новый макет,thumbnails/ASLRmlpA5Xw.jpg,1280 × 720,123981,Финальное визуальное согласование; ограничение качества исходного фото,Название + исходная обложка + описание автора,"Исходный интерфейс/фото: сохранён без генеративной перерисовки, обрезаны поля и добавлена рамка.","Исходный интерфейс/фото: сохранён без генеративной перерисовки, обрезаны поля и добавлена рамка. Чёткость фото ограничена исходной обложкой. Для повышения качества нужен оригинальный кадр/снимок; оборудование не дорисовывалось.",MOKO - решения и обзоры,5ee3ba19f7fced90dcd2b4cc4f9ac5acfe9987d2da3062040d042a4077093c2f
58,9sQpjOUh7f4,Презентация плагина MOKO GRAPH,https://www.youtube.com/watch?v=9sQpjOUh7f4,MOKO SE — возможности и инструкции,15,"Разработка ПО — практика, инструменты и стримы",MOKO SE · Инструкции,#55D6C2,Не подтверждён / не применимо,Видео,,MOKO GRAPH ПРЕЗЕНТАЦИЯ,Готово · проверить новый макет,thumbnails/9sQpjOUh7f4.jpg,1280 × 720,133680,Финальное визуальное согласование,Название + исходная обложка + описание автора,"Исходный интерфейс/фото: сохранён без генеративной перерисовки, обрезаны поля и добавлена рамка.","Исходный интерфейс/фото: сохранён без генеративной перерисовки, обрезаны поля и добавлена рамка.",MOKO SE - Платформа для автоматизации измерений,6279e06ef0b031ac82dd35ef2628020a0b4a6583e2926a5b2af7685c1ce7ed72
59,cA1GXKStbMA,Вставка спец символов в MOKO SE,https://www.youtube.com/watch?v=cA1GXKStbMA,MOKO SE — возможности и инструкции,14,,MOKO SE · Инструкции,#55D6C2,Не подтверждён / не применимо,Видео,,СПЕЦСИМВОЛЫ В MOKO SE,Готово · проверить новый макет,thumbnails/cA1GXKStbMA.jpg,1280 × 720,82936,Финальное визуальное согласование,Название + исходная обложка + описание автора,Условная иллюстрация/схема; не изображение конкретной модели или точного интерфейса.,Условная иллюстрация/схема; не изображение конкретной модели или точного интерфейса.,MOKO SE - Платформа для автоматизации измерений,15029b6dba69c7139f3e5b5d9bc8a2f6e0770a81e9c736c1c1d42abc74a760ea
60,4Ot8GxQA6Yc,Медиа услуги MOKO,https://www.youtube.com/watch?v=4Ot8GxQA6Yc,Медиапроекты MOKO — промо и съёмки,4,,Медиа · Портфолио,#B69AFF,Не подтверждён / не применимо,Промо,,МЕДИАУСЛУГИ MOKO,Готово · проверить новый макет,thumbnails/4Ot8GxQA6Yc.jpg,1280 × 720,110217,Финальное визуальное согласование,Название + исходная обложка; содержательное описание ограничено,Условная иллюстрация/схема; не изображение конкретной модели или точного интерфейса.,Условная иллюстрация/схема; не изображение конкретной модели или точного интерфейса.,МОКО - Промо ролики; MOKO - решения и обзоры,cb202060e3abe87b05a9e6d83d514c39c332e84506ce79d3cf1c6349f7df1e1a
61,XoFGTU8Kovk,MOKO - разработка электроники и программного обеспечения.,https://www.youtube.com/watch?v=XoFGTU8Kovk,"MOKO — компания, выставки и интервью",3,,Компания · События,#ED6262,Не подтверждён / не применимо,Видео,,ИНЖЕНЕРИЯ MOKO,Готово · проверить новый макет,thumbnails/XoFGTU8Kovk.jpg,1280 × 720,84009,Финальное визуальное согласование,Название + исходная обложка; содержательное описание ограничено,Условная иллюстрация/схема; не изображение конкретной модели или точного интерфейса.,Условная иллюстрация/схема; не изображение конкретной модели или точного интерфейса.,МОКО - Промо ролики,604e6804a9aead28b0e0c0988647d54ebf57de147c25d2baaae195a6025c4d15
62,7YQ0j-HUuOs,Анонс второй версии MOKO SE,https://www.youtube.com/watch?v=7YQ0j-HUuOs,MOKO SE — возможности и инструкции,19,,MOKO SE · Инструкции,#55D6C2,Не подтверждён / не применимо,Видео,,MOKO SE ВЕРСИЯ 2,Готово · проверить новый макет,thumbnails/7YQ0j-HUuOs.jpg,1280 × 720,85263,Финальное визуальное согласование; архивная версия программы/ОС,Название + исходная обложка + описание автора,Условная иллюстрация/схема; не изображение конкретной модели или точного интерфейса.,Проверить версию программы и актуальность интерфейса перед финальной обложкой. Условная иллюстрация/схема; не изображение конкретной модели или точного интерфейса.,MOKO SE - Платформа для автоматизации измерений,a49545557a84cee2f479f68f7eadd9178ed112e61fea9de83122eb21ce0ebc1c
63,VoaZTXhmnmM,MONITOR BALL. MALANKA. ENGLISH VERSION.,https://www.youtube.com/watch?v=VoaZTXhmnmM,Электроника и оборудование — проекты MOKO,6,,Практика · Электроника,#55C9FF,Не подтверждён / не применимо,Видео,,MONITOR BALL,Готово · проверить новый макет,thumbnails/VoaZTXhmnmM.jpg,1280 × 720,139865,Финальное визуальное согласование; ограничение качества исходного фото,Название + исходная обложка; содержательное описание ограничено,"Исходный интерфейс/фото: сохранён без генеративной перерисовки, обрезаны поля и добавлена рамка. Кадр проекта из русской версии MONITOR BALL использован и для английской версии того же проекта.","Русская и английская версии одного проекта; обе сохраняются, английская с меткой EN. Исходный интерфейс/фото: сохранён без генеративной перерисовки, обрезаны поля и добавлена рамка. Кадр проекта из русской версии MONITOR BALL использован и для английской версии того же проекта. Чёткость фото ограничена исходной обложкой. Для повышения качества нужен оригинальный кадр/снимок; оборудование не дорисовывалось.",МОКО - Промо ролики,1e1074941227611a1cce452dbd02b6a1b25fcaec83ead800b9ae389ba55041b0
64,6s3BE6TtCD4,Monitor Ball. MALANKA,https://www.youtube.com/watch?v=6s3BE6TtCD4,Электроника и оборудование — проекты MOKO,7,,Практика · Электроника,#55C9FF,Не подтверждён / не применимо,Видео,,MONITOR BALL,Готово · проверить новый макет,thumbnails/6s3BE6TtCD4.jpg,1280 × 720,141043,Финальное визуальное согласование; ограничение качества исходного фото,Название + исходная обложка; содержательное описание ограничено,"Исходный интерфейс/фото: сохранён без генеративной перерисовки, обрезаны поля и добавлена рамка.","Русская и английская версии одного проекта; обе сохраняются, английская с меткой EN. Исходный интерфейс/фото: сохранён без генеративной перерисовки, обрезаны поля и добавлена рамка. Чёткость фото ограничена исходной обложкой. Для повышения качества нужен оригинальный кадр/снимок; оборудование не дорисовывалось.",МОКО - Промо ролики,a9696da0d9b4ca9ef23cf85a6315a9ff1299e0b44941412519998f0c74fda055
65,xMjkBv8Qa10,Создание своих уникальных кнопок в программе.  Уроки Labview.,https://www.youtube.com/watch?v=xMjkBv8Qa10,"LabVIEW — драйверы, утилиты и плагины",7,"Разработка ПО — практика, инструменты и стримы",Разработка · LabVIEW,#FF9A48,LabVIEW,Урок,,СВОИ КНОПКИ,Готово · проверить новый макет,thumbnails/xMjkBv8Qa10.jpg,1280 × 720,85264,Финальное визуальное согласование,Название + исходная обложка + описание автора,Условная иллюстрация/схема; не изображение конкретной модели или точного интерфейса.,Условная иллюстрация/схема; не изображение конкретной модели или точного интерфейса.,MOKO - Уроки по программированию и не только,229e1f151fe92e39eda2bfe01f9c922324933272752b4f3cfbe42c3bfa994f4b
66,Z8M26IEMpOQ,Пример опции объединение отчетов на базе решения.  Поверка манометров. MOKO SE.,https://www.youtube.com/watch?v=Z8M26IEMpOQ,MOKO SE — возможности и инструкции,10,"Автоматизация измерений — стенды, испытания и поверка",MOKO SE · Инструкции,#55D6C2,Не подтверждён / не применимо,Видео,,ОБЪЕДИНЯЕМ ОТЧЁТЫ,Готово · проверить новый макет,thumbnails/Z8M26IEMpOQ.jpg,1280 × 720,76108,Финальное визуальное согласование,Название + исходная обложка + описание автора,Условная иллюстрация/схема; не изображение конкретной модели или точного интерфейса.,"Проверить версию программы и актуальность интерфейса перед финальной обложкой. Основной плейлист уточнён по описанию: показ функции MOKO SE, а не отдельная разработка или испытание. Условная иллюстрация/схема; не изображение конкретной модели или точного интерфейса.",MOKO SE - Платформа для автоматизации измерений,48a6374cbb4f4ffa5b8f141e9c9093a5936b5777781e0660f6030fb52a32ad12
67,9EyE3bgGmZo,SOFTEQ LAB компания сделала нам подарок.,https://www.youtube.com/watch?v=9EyE3bgGmZo,"MOKO — компания, выставки и интервью",4,,Компания · События,#ED6262,Не подтверждён / не применимо,Видео,,ПОДАРОК ОТ SOFTEQ LAB,Готово · проверить новый макет,thumbnails/9EyE3bgGmZo.jpg,1280 × 720,107045,Финальное визуальное согласование; ограничение качества исходного фото,Название + исходная обложка; содержательное описание ограничено,"Исходный интерфейс/фото: сохранён без генеративной перерисовки, обрезаны поля и добавлена рамка.","Исходный интерфейс/фото: сохранён без генеративной перерисовки, обрезаны поля и добавлена рамка. Чёткость фото ограничена исходной обложкой. Для повышения качества нужен оригинальный кадр/снимок; оборудование не дорисовывалось.",МОКО - Промо ролики,ac02e77e8d07b096ae7c48d3f9e8776a0cb4f9c35783cbd15568eb1697ab6720
68,4jCy0mh3E9s,Как создать красивую иконку для программы в формате ico,https://www.youtube.com/watch?v=4jCy0mh3E9s,"Разработка ПО — практика, инструменты и стримы",6,,Разработка · Практика,#FF9A48,Не подтверждён / не применимо,Видео,,ИКОНКА ДЛЯ ПРОГРАММЫ,Готово · проверить новый макет,thumbnails/4jCy0mh3E9s.jpg,1280 × 720,83846,Финальное визуальное согласование,Название + исходная обложка + описание автора,Условная иллюстрация/схема; не изображение конкретной модели или точного интерфейса.,Условная иллюстрация/схема; не изображение конкретной модели или точного интерфейса.,MOKO - Уроки по программированию и не только,92fbfef67f8db3951076d87207efc9162e5f3e63a9800e3f311c8a991746b73c
69,gWQBcpK8X5A,Новый параметр для Тонального Модема. C# .Net.,https://www.youtube.com/watch?v=gWQBcpK8X5A,"Разработка ПО — практика, инструменты и стримы",7,,Разработка · Практика,#FF9A48,C# / .NET,Видео,,НАСТРОЙКА МОДЕМА,Готово · проверить новый макет,thumbnails/gWQBcpK8X5A.jpg,1280 × 720,124670,Финальное визуальное согласование; ограничение качества исходного фото,Название + исходная обложка + описание автора,"Исходный интерфейс/фото: сохранён без генеративной перерисовки, обрезаны поля и добавлена рамка.","Исходный интерфейс/фото: сохранён без генеративной перерисовки, обрезаны поля и добавлена рамка. Чёткость фото ограничена исходной обложкой. Для повышения качества нужен оригинальный кадр/снимок; оборудование не дорисовывалось.",MOKO - Уроки по программированию и не только,50ba1c5703f9fb9909e63efba26f5ef369f098b10df2d79f9b83ada40d4770a9
70,7DngQ_kX12M,Создаем State Machine для управления очередью. Уроки LabView.,https://www.youtube.com/watch?v=7DngQ_kX12M,"LabVIEW — драйверы, утилиты и плагины",9,"Разработка ПО — практика, инструменты и стримы",Разработка · LabVIEW,#FF9A48,LabVIEW,Урок,,State Machine,Утверждено · прежние 18 сохранены,thumbnails/7DngQ_kX12M.jpg,1280 × 720,167900,,Название LabVIEW или логотип LabVIEW на исходной обложке,Ранее согласованный образец/партия. Файл в этой итерации не менялся.,,MOKO - Уроки по программированию и не только,f25738b7e5d78f112c0286d09ce8e2fde03056a9a4f8c2579b077e4eec48c1ac
71,1CXaEv7QwuE,Не запускается программа сервер на C# .Net. Что делать?,https://www.youtube.com/watch?v=1CXaEv7QwuE,"Разработка ПО — практика, инструменты и стримы",8,,Разработка · Практика,#FF9A48,C# / .NET,Видео,,СЕРВЕР НЕ СТАРТУЕТ,Готово · проверить новый макет,thumbnails/1CXaEv7QwuE.jpg,1280 × 720,107118,Финальное визуальное согласование,Название + исходная обложка + описание автора,Условная иллюстрация/схема; не изображение конкретной модели или точного интерфейса.,Условная иллюстрация/схема; не изображение конкретной модели или точного интерфейса.,MOKO - Уроки по программированию и не только,72c99424a762d07b53be81099cbf428b1dbeef4d232aa2cf4b04b94136ae0615
72,c1p5m_dTpdo,Управление плагинами написанными на С#  .net и т.д. MOKO SE.,https://www.youtube.com/watch?v=c1p5m_dTpdo,MOKO SE — возможности и инструкции,18,"Разработка ПО — практика, инструменты и стримы",MOKO SE · Инструкции,#55D6C2,C# / .NET,Видео,,ПЛАГИНЫ НА C#,Готово · проверить новый макет,thumbnails/c1p5m_dTpdo.jpg,1280 × 720,92345,Финальное визуальное согласование,Название + исходная обложка; содержательное описание ограничено,"Исходный интерфейс/фото: сохранён без генеративной перерисовки, обрезаны поля и добавлена рамка.","Проверить версию программы и актуальность интерфейса перед финальной обложкой. Исходный интерфейс/фото: сохранён без генеративной перерисовки, обрезаны поля и добавлена рамка.",MOKO SE - Платформа для автоматизации измерений,184cfbd05ca762131c72447fbdbcca2b2d24046c322fb87b5e615b0939931337
73,5Lm54uJEyL8,Как создать несколько Google дисков на одном компьютере Win 10.,https://www.youtube.com/watch?v=5Lm54uJEyL8,"Разработка ПО — практика, инструменты и стримы",9,,Разработка · Практика,#FF9A48,Не подтверждён / не применимо,Видео,,НЕСКОЛЬКО GOOGLE ДИСКОВ,Готово · проверить новый макет,thumbnails/5Lm54uJEyL8.jpg,1280 × 720,103653,Финальное визуальное согласование; архивная версия программы/ОС,Название + исходная обложка + описание автора,Условная иллюстрация/схема; не изображение конкретной модели или точного интерфейса.,Windows 10 и инструкция по Google Дискам могут быть устаревшими; проверить актуальность. Условная иллюстрация/схема; не изображение конкретной модели или точного интерфейса.,MOKO - Уроки по программированию и не только,78c697103aa94e85798e441e5c2f6d6ef3fcfd239e69786401414eddbff2518d
74,sv1_km5KX00,Изменение разрешения картинки. MOKO SE.,https://www.youtube.com/watch?v=sv1_km5KX00,MOKO SE — возможности и инструкции,12,,MOKO SE · Инструкции,#55D6C2,Не подтверждён / не применимо,Видео,,РАЗМЕР ИЗОБРАЖЕНИЯ,Готово · проверить новый макет,thumbnails/sv1_km5KX00.jpg,1280 × 720,87140,Финальное визуальное согласование,Название + исходная обложка + описание автора,Условная иллюстрация/схема; не изображение конкретной модели или точного интерфейса.,Проверить версию программы и актуальность интерфейса перед финальной обложкой. Условная иллюстрация/схема; не изображение конкретной модели или точного интерфейса.,MOKO SE - Платформа для автоматизации измерений,94f16aedd1bcb52a3d1a9df1b98b0f2893ad8f2463ed8f27e0add0f9f22b4dde
75,xEI929oBzYg,Report TABLE через точку с запятой. MOKO SE.,https://www.youtube.com/watch?v=xEI929oBzYg,MOKO SE — возможности и инструкции,9,,MOKO SE · Инструкции,#55D6C2,Не подтверждён / не применимо,Видео,,ТАБЛИЦЫ В ОТЧЁТЕ,Готово · проверить новый макет,thumbnails/xEI929oBzYg.jpg,1280 × 720,125887,Финальное визуальное согласование,Название + исходная обложка; содержательное описание ограничено,"Исходный интерфейс/фото: сохранён без генеративной перерисовки, обрезаны поля и добавлена рамка.","Проверить версию программы и актуальность интерфейса перед финальной обложкой. Исходный интерфейс/фото: сохранён без генеративной перерисовки, обрезаны поля и добавлена рамка.",MOKO SE - Платформа для автоматизации измерений,f6b036a00cdfd083165adb8d48b84e87dc9256a0b50b7830b8e12e3e567848e6
76,jR89eqIiAGM,Загрузка картинок разных форматов. MOKO SE.,https://www.youtube.com/watch?v=jR89eqIiAGM,MOKO SE — возможности и инструкции,13,,MOKO SE · Инструкции,#55D6C2,Не подтверждён / не применимо,Видео,,ФОРМАТЫ ИЗОБРАЖЕНИЙ,Готово · проверить новый макет,thumbnails/jR89eqIiAGM.jpg,1280 × 720,88003,Финальное визуальное согласование,Название + исходная обложка; содержательное описание ограничено,Условная иллюстрация/схема; не изображение конкретной модели или точного интерфейса.,Проверить версию программы и актуальность интерфейса перед финальной обложкой. Условная иллюстрация/схема; не изображение конкретной модели или точного интерфейса.,MOKO SE - Платформа для автоматизации измерений,eee13292de4bdf063e48c396ca9a03bef760c51622e1d3ac67c2c8be938ec02f
77,U2Y2vPSSbLE,Создание PRESET для устройства в плагине. Часть 2. Уроки LabView.,https://www.youtube.com/watch?v=U2Y2vPSSbLE,"LabVIEW — драйверы, утилиты и плагины",13,"Разработка ПО — практика, инструменты и стримы",Разработка · LabVIEW,#FF9A48,LabVIEW,Урок,,PRESET УСТРОЙСТВА,Готово · проверить новый макет,thumbnails/U2Y2vPSSbLE.jpg,1280 × 720,112456,Финальное визуальное согласование,Название + исходная обложка + описание автора,"Исходный интерфейс/фото: сохранён без генеративной перерисовки, обрезаны поля и добавлена рамка.","Исходный интерфейс/фото: сохранён без генеративной перерисовки, обрезаны поля и добавлена рамка.",MOKO - Уроки по программированию и не только,3897ac9ed155d9b133d729fbc9408f9d2af8b82541dea8feace77fe1d64f293c
78,POZUZuiS7cI,Создание PRESET для устройства в плагине. Часть 1. Уроки LabView.,https://www.youtube.com/watch?v=POZUZuiS7cI,"LabVIEW — драйверы, утилиты и плагины",12,"Разработка ПО — практика, инструменты и стримы",Разработка · LabVIEW,#FF9A48,LabVIEW,Урок,,PRESET УСТРОЙСТВА,Готово · проверить новый макет,thumbnails/POZUZuiS7cI.jpg,1280 × 720,111741,Финальное визуальное согласование,Название + исходная обложка + описание автора,"Исходный интерфейс/фото: сохранён без генеративной перерисовки, обрезаны поля и добавлена рамка.","Исходный интерфейс/фото: сохранён без генеративной перерисовки, обрезаны поля и добавлена рамка.",MOKO - Уроки по программированию и не только,e39bca2274909de68129e32dd691f05225e338094ad6fe095b9875f55adbf582
79,lSWbtmhcpfc,Обновление внешней библиотеки LabView на примере JSON. Уроки LabView.,https://www.youtube.com/watch?v=lSWbtmhcpfc,"LabVIEW — драйверы, утилиты и плагины",10,"Разработка ПО — практика, инструменты и стримы",Разработка · LabVIEW,#FF9A48,LabVIEW,Урок,,Обновляем библиотеку,Утверждено · прежние 18 сохранены,thumbnails/lSWbtmhcpfc.jpg,1280 × 720,170489,,Название LabVIEW или логотип LabVIEW на исходной обложке,Ранее согласованный образец/партия. Файл в этой итерации не менялся.,,MOKO - Уроки по программированию и не только,5b4a4d0bf29d038066bcfa1370a63ced79bde437dbdcc2194939961a36d5d540
80,fXtQYcZJ7tA,Создаем новый плагин  используя MOKO ExPlugin. Уроки LabView.,https://www.youtube.com/watch?v=fXtQYcZJ7tA,"LabVIEW — драйверы, утилиты и плагины",11,"Разработка ПО — практика, инструменты и стримы",Разработка · LabVIEW,#FF9A48,LabVIEW,Урок,,СОЗДАЁМ ПЛАГИН,Готово · проверить новый макет,thumbnails/fXtQYcZJ7tA.jpg,1280 × 720,109762,Финальное визуальное согласование,Название + исходная обложка; содержательное описание ограничено,"Исходный интерфейс/фото: сохранён без генеративной перерисовки, обрезаны поля и добавлена рамка.","Исходный интерфейс/фото: сохранён без генеративной перерисовки, обрезаны поля и добавлена рамка.",MOKO - Уроки по программированию и не только,b957f9188d50a692bb3cd986861b9d554c62181f4040755e513f27d43f531365
81,T-uG-K0wJdg,Настройки вида лицевой программы. Уроки LabView.,https://www.youtube.com/watch?v=T-uG-K0wJdg,"LabVIEW — драйверы, утилиты и плагины",6,"Разработка ПО — практика, инструменты и стримы",Разработка · LabVIEW,#FF9A48,LabVIEW,Урок,,НАСТРОЙКА ИНТЕРФЕЙСА,Готово · проверить новый макет,thumbnails/T-uG-K0wJdg.jpg,1280 × 720,115492,Финальное визуальное согласование,Название + исходная обложка; содержательное описание ограничено,"Исходный интерфейс/фото: сохранён без генеративной перерисовки, обрезаны поля и добавлена рамка.","Исходный интерфейс/фото: сохранён без генеративной перерисовки, обрезаны поля и добавлена рамка.",MOKO - Уроки по программированию и не только,a9648eb7575be312553ce6a0e72ccf3e6f51a8e9388eba76892f7b41f850192e
82,q8obUwFp1m8,Функционал дерева. MOKO SE.,https://www.youtube.com/watch?v=q8obUwFp1m8,MOKO SE — возможности и инструкции,7,,MOKO SE · Инструкции,#55D6C2,Не подтверждён / не применимо,Видео,,ДЕРЕВО В MOKO SE,Готово · проверить новый макет,thumbnails/q8obUwFp1m8.jpg,1280 × 720,122720,Финальное визуальное согласование,Название + исходная обложка; содержательное описание ограничено,"Исходный интерфейс/фото: сохранён без генеративной перерисовки, обрезаны поля и добавлена рамка.","Проверить версию программы и актуальность интерфейса перед финальной обложкой. Исходный интерфейс/фото: сохранён без генеративной перерисовки, обрезаны поля и добавлена рамка.",MOKO SE - Платформа для автоматизации измерений,4ec925fa1d51a60853bd2ac1f279e93cfa9f28aeaa3558fee422442be5cadd50
83,PwvxyezgN9U,Передвижная установка поверки систем налива нефтепродуктов от партнеров. Продукты и решения MOKO.,https://www.youtube.com/watch?v=PwvxyezgN9U,"Автоматизация измерений — стенды, испытания и поверка",6,,Практика · Испытания,#55C9FF,Не подтверждён / не применимо,Видео,,ПОВЕРКА СИСТЕМ НАЛИВА,Готово · проверить новый макет,thumbnails/PwvxyezgN9U.jpg,1280 × 720,139411,Финальное визуальное согласование; ограничение качества исходного фото,Название + исходная обложка + описание автора,"Исходный интерфейс/фото: сохранён без генеративной перерисовки, обрезаны поля и добавлена рамка.","Исходный интерфейс/фото: сохранён без генеративной перерисовки, обрезаны поля и добавлена рамка. Чёткость фото ограничена исходной обложкой. Для повышения качества нужен оригинальный кадр/снимок; оборудование не дорисовывалось.",MOKO - решения и обзоры,2be113e22a70920d75945c8fb8e4a19fa75b0709ec2ac551a6fcafc9b19024a3
84,0Y3moGLIZbM,Лаборатория под ключ. Лекция.,https://www.youtube.com/watch?v=0Y3moGLIZbM,"Автоматизация измерений — стенды, испытания и поверка",1,,Практика · Испытания,#55C9FF,Не подтверждён / не применимо,Видео,,ЛАБОРАТОРИЯ ПОД КЛЮЧ,Готово · проверить новый макет,thumbnails/0Y3moGLIZbM.jpg,1280 × 720,113711,Финальное визуальное согласование; ограничение качества исходного фото,Название + исходная обложка + описание автора,"Исходный интерфейс/фото: сохранён без генеративной перерисовки, обрезаны поля и добавлена рамка.","Исходный интерфейс/фото: сохранён без генеративной перерисовки, обрезаны поля и добавлена рамка. Чёткость фото ограничена исходной обложкой. Для повышения качества нужен оригинальный кадр/снимок; оборудование не дорисовывалось.",MOKO - Презентации и интервью,4ef06ecdd47a83cae4262f5e53c26cc09ba1a0db64de3ca56ed108d51a61e9b6
85,rSy3uobcJwU,Интервью CEO МОКО на ежегодной конференции Keysight,https://www.youtube.com/watch?v=rSy3uobcJwU,"MOKO — компания, выставки и интервью",5,,Компания · События,#ED6262,Не подтверждён / не применимо,Видео,,MOKO НА KEYSIGHT,Готово · проверить новый макет,thumbnails/rSy3uobcJwU.jpg,1280 × 720,118892,Финальное визуальное согласование; ограничение качества исходного фото,Название + исходная обложка + описание автора,"Исходный интерфейс/фото: сохранён без генеративной перерисовки, обрезаны поля и добавлена рамка.","Исходный интерфейс/фото: сохранён без генеративной перерисовки, обрезаны поля и добавлена рамка. Чёткость фото ограничена исходной обложкой. Для повышения качества нужен оригинальный кадр/снимок; оборудование не дорисовывалось.",MOKO - решения и обзоры; MOKO - СМИ о Нас; MOKO - Презентации и интервью,e4995deafcf6592a3dd80c8526763272ce00b1b2e3874d4256bf8713d9a46173
86,zTD8sbNUeGU,"Контроллеры: КУиТ-862, STM32F7. Мобильное приложение телеметрии. Продукты и решения MOKO.",https://www.youtube.com/watch?v=zTD8sbNUeGU,Электроника и оборудование — проекты MOKO,8,,Практика · Электроника,#55C9FF,Не подтверждён / не применимо,Видео,,КУиТ-862 ТЕЛЕМЕТРИЯ,Готово · проверить новый макет,thumbnails/zTD8sbNUeGU.jpg,1280 × 720,134751,Финальное визуальное согласование,Название + исходная обложка + описание автора,"Исходный интерфейс/фото: сохранён без генеративной перерисовки, обрезаны поля и добавлена рамка.","Исходный интерфейс/фото: сохранён без генеративной перерисовки, обрезаны поля и добавлена рамка.",MOKO - решения и обзоры,e39fe8b9a165af612a411c9882b58dded6b84f1c42bf64f7c92b21921cff645c
87,24djPbWsmM8,"Разработка, производство радиоэлектронного оборудования спец. назначения. Продукты и решения MOKO.",https://www.youtube.com/watch?v=24djPbWsmM8,Электроника и оборудование — проекты MOKO,9,,Практика · Электроника,#55C9FF,Не подтверждён / не применимо,Видео,,СПЕЦИАЛЬНАЯ ЭЛЕКТРОНИКА,Готово · проверить новый макет,thumbnails/24djPbWsmM8.jpg,1280 × 720,140377,Финальное визуальное согласование,Название + исходная обложка + описание автора,"Исходный интерфейс/фото: сохранён без генеративной перерисовки, обрезаны поля и добавлена рамка.","Исходный интерфейс/фото: сохранён без генеративной перерисовки, обрезаны поля и добавлена рамка.",MOKO - решения и обзоры,0f53dbc843794e0fd9bfc9cf8d74cfbcfc3102f55fe1760c9715ba77e1d0053d
88,GxL-DZFXYQY,Передача с датчика информации на 2API.by для packbel.by. Продукты и решения MOKO.,https://www.youtube.com/watch?v=GxL-DZFXYQY,Электроника и оборудование — проекты MOKO,10,,Практика · Электроника,#55C9FF,Не подтверждён / не применимо,Видео,,ДАТЧИК И ТЕЛЕМЕТРИЯ,Готово · проверить новый макет,thumbnails/GxL-DZFXYQY.jpg,1280 × 720,101304,Финальное визуальное согласование; ограничение качества исходного фото,Название + исходная обложка + описание автора,"Исходный интерфейс/фото: сохранён без генеративной перерисовки, обрезаны поля и добавлена рамка.","Исходный интерфейс/фото: сохранён без генеративной перерисовки, обрезаны поля и добавлена рамка. Чёткость фото ограничена исходной обложкой. Для повышения качества нужен оригинальный кадр/снимок; оборудование не дорисовывалось.",MOKO - решения и обзоры,e63992ee71eeeaf974151c1d1c38115ffb64067555c0625dba23c2b4a8686daa
89,Sz_qOev_6Y0,Поворотное устройство с навесной конструкцией и видеокамерой. Продукты и решения MOKO.,https://www.youtube.com/watch?v=Sz_qOev_6Y0,Электроника и оборудование — проекты MOKO,11,,Практика · Электроника,#55C9FF,Не подтверждён / не применимо,Видео,,ПОВОРОТНАЯ ВИДЕОСИСТЕМА,Готово · проверить новый макет,thumbnails/Sz_qOev_6Y0.jpg,1280 × 720,109151,Финальное визуальное согласование; ограничение качества исходного фото,Название + исходная обложка + описание автора,"Исходный интерфейс/фото: сохранён без генеративной перерисовки, обрезаны поля и добавлена рамка.","Исходный интерфейс/фото: сохранён без генеративной перерисовки, обрезаны поля и добавлена рамка. Чёткость фото ограничена исходной обложкой. Для повышения качества нужен оригинальный кадр/снимок; оборудование не дорисовывалось.",MOKO - решения и обзоры,fdd15792cbfaf547a1c636833a6e962a82c1ae7b665e4623f7b9e26c2f536365
90,opy_PhgdODo,Стенд водоподготовки в БелГисс. Продукты и решения MOKO.,https://www.youtube.com/watch?v=opy_PhgdODo,"Автоматизация измерений — стенды, испытания и поверка",7,,Практика · Испытания,#55C9FF,Не подтверждён / не применимо,Видео,,СТЕНД ВОДОПОДГОТОВКИ,Готово · проверить новый макет,thumbnails/opy_PhgdODo.jpg,1280 × 720,131959,Финальное визуальное согласование; ограничение качества исходного фото,Название + исходная обложка + описание автора,"Исходный интерфейс/фото: сохранён без генеративной перерисовки, обрезаны поля и добавлена рамка.","Исходный интерфейс/фото: сохранён без генеративной перерисовки, обрезаны поля и добавлена рамка. Чёткость фото ограничена исходной обложкой. Для повышения качества нужен оригинальный кадр/снимок; оборудование не дорисовывалось.",MOKO - решения и обзоры,d4c24885f588a2e86619b2109f723153658061d4d7053e5ec3c82a7687e7b33c
91,t9HsjGb3dFs,Стенд испытания стиральных машин в БелГисс. Продукты и решения MOKO.,https://www.youtube.com/watch?v=t9HsjGb3dFs,"Автоматизация измерений — стенды, испытания и поверка",8,,Практика · Испытания,#55C9FF,Не подтверждён / не применимо,Видео,,ИСПЫТАНИЯ СТИРАЛЬНЫХ МАШИН,Готово · проверить новый макет,thumbnails/t9HsjGb3dFs.jpg,1280 × 720,138209,Финальное визуальное согласование; ограничение качества исходного фото,Название + исходная обложка + описание автора,"Исходный интерфейс/фото: сохранён без генеративной перерисовки, обрезаны поля и добавлена рамка.","Исходный интерфейс/фото: сохранён без генеративной перерисовки, обрезаны поля и добавлена рамка. Чёткость фото ограничена исходной обложкой. Для повышения качества нужен оригинальный кадр/снимок; оборудование не дорисовывалось.",MOKO - решения и обзоры,cee722b1aad28588f4b437ce33ad4cb2d4f06b70c6139bee4587a6533dc1bddb
92,m96Fj9w5RGw,Прототип на базе stm32f769. Продукты и решения MOKO.,https://www.youtube.com/watch?v=m96Fj9w5RGw,Электроника и оборудование — проекты MOKO,12,,Практика · Электроника,#55C9FF,Не подтверждён / не применимо,Видео,,ПРОТОТИП STM32F769,Готово · проверить новый макет,thumbnails/m96Fj9w5RGw.jpg,1280 × 720,126453,Финальное визуальное согласование; ограничение качества исходного фото,Название + исходная обложка + описание автора,"Исходный интерфейс/фото: сохранён без генеративной перерисовки, обрезаны поля и добавлена рамка.","Исходный интерфейс/фото: сохранён без генеративной перерисовки, обрезаны поля и добавлена рамка. Чёткость фото ограничена исходной обложкой. Для повышения качества нужен оригинальный кадр/снимок; оборудование не дорисовывалось.",MOKO - решения и обзоры,540be579820364ed33f4b9311f4e5cf443c0ace8c25281fb162714288c291adb
93,69rZmdvcS_8,Промо MOKO. Тестирование Short. #mokose #moko #johnnyrespect,https://www.youtube.com/shorts/69rZmdvcS_8,Медиапроекты MOKO — промо и съёмки,5,,Медиа · Портфолио,#B69AFF,Не подтверждён / не применимо,Shorts,,MOKO ПРОМО,"Готово · вертикальный макет, применение отдельно",shorts/69rZmdvcS_8.jpg,1080 × 1920,226913,Финальное визуальное согласование; не обычная пользовательская обложка Shorts,Название и исходная обложка,Вертикальный макет 1080×1920. Исходное изображение сохранено. Не обычная пользовательская обложка Shorts: применение зависит от доступного выбора/монтажа кадра.,Нужен отдельный вертикальный макет; способ применения проверить в текущем интерфейсе YouTube. Вертикальный макет 1080×1920. Исходное изображение сохранено. Не обычная пользовательская обложка Shorts: применение зависит от доступного выбора/монтажа кадра.,,25d61e93b272ebf8fa72e18311aa0fab06ffa629862498eccf0ccbd991749de5
94,IQ2V9DLpqjg,Драйвера на LabView для роботизированной руки Rozum Robotics. Продукты и решения MOKO.,https://www.youtube.com/shorts/IQ2V9DLpqjg,Электроника и оборудование — проекты MOKO,13,"Разработка ПО — практика, инструменты и стримы; LabVIEW — драйверы, утилиты и плагины",Практика · Электроника,#55C9FF,LabVIEW,Shorts,,ДРАЙВЕРЫ РОБО-РУКИ,"Готово · вертикальный макет, применение отдельно",shorts/IQ2V9DLpqjg.jpg,1080 × 1920,154046,Финальное визуальное согласование; не обычная пользовательская обложка Shorts,Название и исходная обложка,Вертикальный макет 1080×1920. Исходное изображение сохранено. Не обычная пользовательская обложка Shorts: применение зависит от доступного выбора/монтажа кадра.,Нужен отдельный вертикальный макет; способ применения проверить в текущем интерфейсе YouTube. Вертикальный макет 1080×1920. Исходное изображение сохранено. Не обычная пользовательская обложка Shorts: применение зависит от доступного выбора/монтажа кадра.,MOKO - решения и обзоры,0b7c6d90294ef81bb302cea748d023fc0e768341684b202731cbc82420ac667f
