№,YouTube ID,Исходное название,Ссылка,Вкладка,Текущие плейлисты,Основной плейлист,Порядок в плейлисте,Дополнительные плейлисты,Визуальная рубрика,Акцент HEX,Язык разработки,Формат,Номер урока,Текст обложки — предложение,Статус обложки,Что проверить,Примечания,Готовый файл,Основание классификации
1,ex8ibsNSCiA,Expo Electronica 2026: Как MOKO SE превратился в RF-SE для РФ | Партнерство с RFTEX,https://www.youtube.com/watch?v=ex8ibsNSCiA,Видео,MOKO - Новинки видео; МОКО - Промо ролики; MOKO - Презентации и интервью,"MOKO — компания, выставки и интервью",1,,Компания · События,#ED6262,Не подтверждён / не применимо,Видео,,MOKO SE → RF-SE,Готово · утверждённый образец,Тематика по метаданным; содержание не просмотрено полностью,,thumbnails/ex8ibsNSCiA.jpg,"Название, текущие плейлисты и исходная обложка"
2,AFPlbt1Zhhw,Простой автоматизированный тест источника питания с помощью MOKO SE #3 Стрим с Олегом Германом,https://www.youtube.com/watch?v=AFPlbt1Zhhw,Видео,MOKO - Новинки видео; MOKO - Презентации и интервью,"Автоматизация измерений — стенды, испытания и поверка",3,Стримы MOKO — разработка и измерения; MOKO SE — возможности и инструкции,Практика · Испытания,#55C9FF,Не подтверждён / не применимо,Стрим,,Тест источника питания,В очереди,Тематика по метаданным; содержание не просмотрено полностью,,,"Название, текущие плейлисты и исходная обложка"
3,OmXJkxET17k,Автоматизация измерений с Олегом Герман стрим #2,https://www.youtube.com/watch?v=OmXJkxET17k,Видео,MOKO - Новинки видео; MOKO - Презентации и интервью,"Автоматизация измерений — стенды, испытания и поверка",10,Стримы MOKO — разработка и измерения; MOKO SE — возможности и инструкции,Практика · Испытания,#55C9FF,Не подтверждён / не применимо,Стрим,,Автоматизация измерений,В очереди,Тематика по метаданным; содержание не просмотрено полностью,,,"Название, текущие плейлисты и исходная обложка"
4,a6cwVJ20iwU,Стрим-интервью: Олег Герман и Иван Анищенко о MOKO SE + Новогодняя распаковка подарка!,https://www.youtube.com/watch?v=a6cwVJ20iwU,Видео,MOKO - Новинки видео; MOKO - Презентации и интервью,"MOKO — компания, выставки и интервью",2,Стримы MOKO — разработка и измерения,Компания · События,#ED6262,Не подтверждён / не применимо,Стрим / интервью,,Разговор о MOKO SE,В очереди,Тематика по метаданным; содержание не просмотрено полностью,,,"Название, текущие плейлисты и исходная обложка"
5,OhPQyqKovhA,Стрим #4.2:  Формируем запись в таблицу и структурируем панель подключения к приборам.,https://www.youtube.com/watch?v=OhPQyqKovhA,Видео,MOKO - Новинки видео; MOKO - Уроки по программированию и не только,"Разработка ПО — практика, инструменты и стримы",1,"Стримы MOKO — разработка и измерения; LabVIEW — драйверы, утилиты и плагины",Разработка · Практика,#FF9A48,LabVIEW,Стрим,,Запись в таблицу,В очереди,Тематика по метаданным; содержание не просмотрено полностью," Язык LabVIEW подтверждён описанием автора; основной плейлист практической разработки сохранён, LabVIEW добавлен как дополнительный.",,Описание автора / хэштег #labview и исходная обложка
6,feEv04DYWbA,Стрим #4.1: Разработка плагина для скоростного считывания данных с устройств.,https://www.youtube.com/watch?v=feEv04DYWbA,Видео,MOKO - Новинки видео; MOKO - Уроки по программированию и не только,"Разработка ПО — практика, инструменты и стримы",2,"Стримы MOKO — разработка и измерения; LabVIEW — драйверы, утилиты и плагины",Разработка · Практика,#FF9A48,LabVIEW,Стрим,,Пишем плагин,Готово · утверждённый образец,Тематика по метаданным; содержание не просмотрено полностью," Язык LabVIEW подтверждён описанием автора; основной плейлист практической разработки сохранён, LabVIEW добавлен как дополнительный.",thumbnails/feEv04DYWbA.jpg,Описание автора / хэштег #labview и исходная обложка
7,l3xewCeguhM,Стрим #3: Автоматическое обновление MOKO SE и логирование времени выполнения программы (перезалив),https://www.youtube.com/watch?v=l3xewCeguhM,Видео,MOKO - Новинки видео; MOKO - решения и обзоры,"Разработка ПО — практика, инструменты и стримы",3,Стримы MOKO — разработка и измерения,Разработка · Практика,#FF9A48,Не подтверждён / не применимо,Стрим,,Обновление MOKO SE,В очереди,Дубликат: требуется решение; Тематика по метаданным; содержание не просмотрено полностью,Оригинал / перезалив одного стрима. Сверить содержание и выбрать основную версию для плейлиста. Не ставить Python/LabVIEW на обложке без подтверждения языка по содержанию.,,"Название, текущие плейлисты и исходная обложка"
8,Szt2Qw5Gb7o,Стрим #3: Автоматическое обновление MOKO SE и логирование времени выполнения программы,https://www.youtube.com/watch?v=Szt2Qw5Gb7o,Видео,MOKO - Новинки видео; MOKO - решения и обзоры,"Разработка ПО — практика, инструменты и стримы",4,Стримы MOKO — разработка и измерения,Разработка · Практика,#FF9A48,Не подтверждён / не применимо,Стрим,,Обновление MOKO SE,В очереди,Дубликат: требуется решение; Тематика по метаданным; содержание не просмотрено полностью,Оригинал / перезалив одного стрима. Сверить содержание и выбрать основную версию для плейлиста. Не ставить Python/LabVIEW на обложке без подтверждения языка по содержанию.,,"Название, текущие плейлисты и исходная обложка"
9,nnktD99huyE,Тестирование светодиодной фары с помощью MOKO SE,https://www.youtube.com/watch?v=nnktD99huyE,Видео,MOKO - Новинки видео; MOKO - решения и обзоры,"Автоматизация измерений — стенды, испытания и поверка",4,MOKO SE — возможности и инструкции,Практика · Испытания,#55C9FF,Не подтверждён / не применимо,Видео,,Тест LED-фары,Готово · утверждённый образец,Тематика по метаданным; содержание не просмотрено полностью,,thumbnails/nnktD99huyE.jpg,"Название, текущие плейлисты и исходная обложка"
10,L8DhEf9Mquo,Стрим #2: Обновления в инициализации драйверов и дополнение к раскрутке ошибок,https://www.youtube.com/watch?v=L8DhEf9Mquo,Видео,MOKO - Новинки видео; MOKO - решения и обзоры,"Разработка ПО — практика, инструменты и стримы",5,Стримы MOKO — разработка и измерения,Разработка · Практика,#FF9A48,Не подтверждён / не применимо,Стрим,,Инициализация драйверов,В очереди,Тематика по метаданным; содержание не просмотрено полностью,Не ставить Python/LabVIEW на обложке без подтверждения языка по содержанию.,,"Название, текущие плейлисты и исходная обложка"
11,0M9TZE58Ryg,Автоматизированный стенд тестирования IoT устройств,https://www.youtube.com/watch?v=0M9TZE58Ryg,Видео,MOKO - Новинки видео; MOKO - решения и обзоры,"Автоматизация измерений — стенды, испытания и поверка",5,MOKO SE — возможности и инструкции,Практика · Испытания,#55C9FF,Не подтверждён / не применимо,Видео,,Тестируем IoT,В очереди,Тематика по метаданным; содержание не просмотрено полностью,,,"Название, текущие плейлисты и исходная обложка"
12,i3N3CFncdw8,Стрим #1: Делаем основу драйвера и переделываем скрипт Rohde & Schwarz,https://www.youtube.com/watch?v=i3N3CFncdw8,Видео,MOKO - Новинки видео; MOKO - решения и обзоры,"Разработка ПО — практика, инструменты и стримы",6,Стримы MOKO — разработка и измерения,Разработка · Практика,#FF9A48,Не подтверждён / не применимо,Стрим,,Основа драйвера,В очереди,Тематика по метаданным; содержание не просмотрено полностью,Не ставить Python/LabVIEW на обложке без подтверждения языка по содержанию.,,"Название, текущие плейлисты и исходная обложка"
13,MSGRIN6oUZQ,Анонс управление сторонними приложениями с помощью AutoIt через MOKO SE,https://www.youtube.com/watch?v=MSGRIN6oUZQ,Видео,MOKO - Новинки видео; MOKO - решения и обзоры,MOKO SE — возможности и инструкции,14,,MOKO SE · Инструкции,#55D6C2,Не подтверждён / не применимо,Видео,,AutoIt + MOKO SE,В очереди,Тематика по метаданным; содержание не просмотрено полностью,Проверить версию программы и актуальность интерфейса перед финальной обложкой.,,"Название, текущие плейлисты и исходная обложка"
14,tpdw4fKgaEg,Приобретен новый станок для резки металла XT-H1530,https://www.youtube.com/watch?v=tpdw4fKgaEg,Видео,MOKO - Новинки видео; MOKO - решения и обзоры,Электроника и оборудование — проекты MOKO,1,,Практика · Электроника,#55C9FF,Не подтверждён / не применимо,Видео,,Новый станок XT-H1530,В очереди,Тематика по метаданным; содержание не просмотрено полностью,,,"Название, текущие плейлисты и исходная обложка"
15,CllBnT_-hKs,Автоматизированная поверка мультиметра на базе MOKO SE - демо проект,https://www.youtube.com/watch?v=CllBnT_-hKs,Видео,MOKO - Новинки видео; MOKO - решения и обзоры,"Автоматизация измерений — стенды, испытания и поверка",2,MOKO SE — возможности и инструкции,Практика · Испытания,#55C9FF,Не подтверждён / не применимо,Видео,,Поверка мультиметра,В очереди,Тематика по метаданным; содержание не просмотрено полностью,,,"Название, текущие плейлисты и исходная обложка"
16,HEmNyEcmrZY,Урок №14. Дерево. Одноименные регионы и хэшы,https://www.youtube.com/watch?v=HEmNyEcmrZY,Видео,Уроки Python - MOKO SE,Python — автоматизация в MOKO SE,21,,Уроки Python,#B8EB55,Python,Урок,14,Дерево данных,"Готово · новая партия 02, проверить",,,thumbnails/HEmNyEcmrZY.jpg,Текущий плейлист Python + исходная обложка
17,KmLxID8LONo,Урок №2.2. Утилиты. Подключение к MOKO SE,https://www.youtube.com/watch?v=KmLxID8LONo,Видео,Разработка драйверов и утилит - MOKO SE,"LabVIEW — драйверы, утилиты и плагины",5,"Разработка ПО — практика, инструменты и стримы",Разработка · LabVIEW,#FF9A48,LabVIEW,Урок,2.2,Подключаем утилиту,В очереди,,,,Название LabVIEW или логотип LabVIEW на исходной обложке
18,J_5qLMX5uNs,Урок №2.1. Утилиты. Разработка и компиляция,https://www.youtube.com/watch?v=J_5qLMX5uNs,Видео,Разработка драйверов и утилит - MOKO SE,"LabVIEW — драйверы, утилиты и плагины",4,"Разработка ПО — практика, инструменты и стримы",Разработка · LabVIEW,#FF9A48,LabVIEW,Урок,2.1,Создаём утилиту,В очереди,,,,Название LabVIEW или логотип LabVIEW на исходной обложке
19,shP4XNNsC6Q,Урок №1.2. Драйверы. Подключение к MOKO SE,https://www.youtube.com/watch?v=shP4XNNsC6Q,Видео,Разработка драйверов и утилит - MOKO SE,"LabVIEW — драйверы, утилиты и плагины",3,"Разработка ПО — практика, инструменты и стримы",Разработка · LabVIEW,#FF9A48,LabVIEW,Урок,1.2,Подключаем драйвер,"Готово · новая партия 02, проверить",,,thumbnails/shP4XNNsC6Q.jpg,Название LabVIEW или логотип LabVIEW на исходной обложке
20,EsLUSn9RDL4,Урок №1.1. Драйверы. Разработка и компиляция,https://www.youtube.com/watch?v=EsLUSn9RDL4,Видео,Разработка драйверов и утилит - MOKO SE,"LabVIEW — драйверы, утилиты и плагины",2,"Разработка ПО — практика, инструменты и стримы",Разработка · LabVIEW,#FF9A48,LabVIEW,Урок,1.1,Создаём драйвер,Готово · утверждённый образец,,,thumbnails/EsLUSn9RDL4.jpg,Название LabVIEW или логотип LabVIEW на исходной обложке
21,zv4wZlanZzg,Урок №0. Введение. Установка ПО для разработки утилит и драйверов,https://www.youtube.com/watch?v=zv4wZlanZzg,Видео,Разработка драйверов и утилит - MOKO SE,"LabVIEW — драйверы, утилиты и плагины",1,"Разработка ПО — практика, инструменты и стримы",Разработка · LabVIEW,#FF9A48,LabVIEW,Урок,0,Среда разработки,В очереди,,,,Название LabVIEW или логотип LabVIEW на исходной обложке
22,E2Wj5L17Oxo,"Урок №13.2. Плагин MOKO Clicker. Команды Screenshot, PngPath и PngFile",https://www.youtube.com/watch?v=E2Wj5L17Oxo,Видео,Уроки Python - MOKO SE,Python — автоматизация в MOKO SE,20,,Уроки Python,#B8EB55,Python,Урок,13.2,Снимки экрана,В очереди,,,,Текущий плейлист Python + исходная обложка
23,kuzcOBW11rk,Урок №13.1. Плагин MOKO Clicker. Команды управления кнопками мыши и курсором,https://www.youtube.com/watch?v=kuzcOBW11rk,Видео,Уроки Python - MOKO SE,Python — автоматизация в MOKO SE,19,,Уроки Python,#B8EB55,Python,Урок,13.1,Управление мышью,В очереди,,,,Текущий плейлист Python + исходная обложка
24,aSjRYZWMfjc,"Урок №12.3. Плагин MOKO Graph. Команды Autoscale, Screenshot и Legend",https://www.youtube.com/watch?v=aSjRYZWMfjc,Видео,Уроки Python - MOKO SE,Python — автоматизация в MOKO SE,18,,Уроки Python,#B8EB55,Python,Урок,12.3,Настройка графиков,В очереди,,,,Текущий плейлист Python + исходная обложка
25,jq_D-9nsomg,"Урок №12.2. Плагин MOKO Graph. Команды HideLine, ShowLine, ShowOnlyLine и DeleteLine",https://www.youtube.com/watch?v=jq_D-9nsomg,Видео,Уроки Python - MOKO SE,Python — автоматизация в MOKO SE,17,,Уроки Python,#B8EB55,Python,Урок,12.2,Управление линиями,В очереди,,,,Текущий плейлист Python + исходная обложка
26,b5zjy0PHU0s,"Урок №12.1. Плагин MOKO Graph. Добавление графиков и их изменение, подпись осей и очистка графика",https://www.youtube.com/watch?v=b5zjy0PHU0s,Видео,Уроки Python - MOKO SE,Python — автоматизация в MOKO SE,16,,Уроки Python,#B8EB55,Python,Урок,12.1,Графики в MOKO SE,Готово · утверждённый образец,,,thumbnails/b5zjy0PHU0s.jpg,Текущий плейлист Python + исходная обложка
27,-WRagVBYLxg,Урок №11.3. Архитектура проекта. Скрипт формирования протокола,https://www.youtube.com/watch?v=-WRagVBYLxg,Видео,Уроки Python - MOKO SE,Python — автоматизация в MOKO SE,15,,Уроки Python,#B8EB55,Python,Урок,11.3,Формируем протокол,В очереди,,,,Текущий плейлист Python + исходная обложка
28,Tiff450MBJ4,Урок №11.2. Архитектура проекта. Скрипты испытаний,https://www.youtube.com/watch?v=Tiff450MBJ4,Видео,Уроки Python - MOKO SE,Python — автоматизация в MOKO SE,14,,Уроки Python,#B8EB55,Python,Урок,11.2,Скрипты испытаний,В очереди,,,,Текущий плейлист Python + исходная обложка
29,egIx1gEHksA,Урок №11.1. Архитектура проекта. Регистрация образца,https://www.youtube.com/watch?v=egIx1gEHksA,Видео,Уроки Python - MOKO SE,Python — автоматизация в MOKO SE,13,,Уроки Python,#B8EB55,Python,Урок,11.1,Регистрация образца,В очереди,,,,Текущий плейлист Python + исходная обложка
30,tXsjlxHMt6Y,Урок №10. Функция Telegram. Подключение телеграм бота MOKO SE BOT и его использование,https://www.youtube.com/watch?v=tXsjlxHMt6Y,Видео,Уроки Python - MOKO SE,Python — автоматизация в MOKO SE,12,,Уроки Python,#B8EB55,Python,Урок,10,Telegram + MOKO SE,Готово · утверждённый образец,,,thumbnails/tXsjlxHMt6Y.jpg,Текущий плейлист Python + исходная обложка
31,FKGsam4DP6w,Урок №9. Функция Program. Управление MOKO SE из скрипта,https://www.youtube.com/watch?v=FKGsam4DP6w,Видео,Уроки Python - MOKO SE,Python — автоматизация в MOKO SE,11,,Уроки Python,#B8EB55,Python,Урок,9,Управление из скрипта,В очереди,,,,Текущий плейлист Python + исходная обложка
32,oUseu_82YBM,Урок №8. Функция Utility. Окно с интерфейсом для заполнения формы,https://www.youtube.com/watch?v=oUseu_82YBM,Видео,Уроки Python - MOKO SE,Python — автоматизация в MOKO SE,10,,Уроки Python,#B8EB55,Python,Урок,8,Форма ввода данных,В очереди,,,,Текущий плейлист Python + исходная обложка
33,LXg7Ql5Aye0,"Урок №7. Функция Plugin. Прорисовка графиков, подключение к БД, управление группой устройств",https://www.youtube.com/watch?v=LXg7Ql5Aye0,Видео,Уроки Python - MOKO SE,Python — автоматизация в MOKO SE,9,,Уроки Python,#B8EB55,Python,Урок,7,Работа с плагинами,В очереди,,,,Текущий плейлист Python + исходная обложка
34,S3gTxhKKBOs,Урок №6. Функция Driver. Отправка и получение данных из электронных приборов,https://www.youtube.com/watch?v=S3gTxhKKBOs,Видео,Уроки Python - MOKO SE,Python — автоматизация в MOKO SE,8,,Уроки Python,#B8EB55,Python,Урок,6,Обмен с приборами,"Готово · новая партия 03, проверить",Проверить новый макет; весь ролик не просмотрен,"Устанавливаем значения и получаем данные через функцию Driver; далее формируется протокол Word. Это Python-урок, не курс разработки LabVIEW-драйвера. Прибор — условная иллюстрация без модели и показаний.",thumbnails/S3gTxhKKBOs.jpg,Плейлист Python + исходная обложка + описание и таймкоды автора
35,oJktpGbr7WA,"Урок №5. Функция Report. Сохранение, очистка и удаление строк, таблиц и картинок",https://www.youtube.com/watch?v=oJktpGbr7WA,Видео,Уроки Python - MOKO SE,Python — автоматизация в MOKO SE,7,,Уроки Python,#B8EB55,Python,Урок,5,Создаём отчёты,"Готово · новая партия 02, проверить",,,thumbnails/oJktpGbr7WA.jpg,Текущий плейлист Python + исходная обложка
36,w9YARQn9SFs,"Урок №4. Функция Messenger. Использование разных режимов, типов и вставка картинок",https://www.youtube.com/watch?v=w9YARQn9SFs,Видео,Уроки Python - MOKO SE,Python — автоматизация в MOKO SE,6,,Уроки Python,#B8EB55,Python,Урок,4,Диалоговые окна,"Готово · новая партия 03, проверить",Проверить новый макет; весь ролик не просмотрен,"Messenger формирует окна, таймер, ввод string/boolean, выбор и изображения. Не изображать социальный мессенджер, Telegram или переписку.",thumbnails/w9YARQn9SFs.jpg,Плейлист Python + исходная обложка + описание и таймкоды автора
37,koGtgs5iNfk,Урок №3. Функция Stage. Предназначение разных типов,https://www.youtube.com/watch?v=koGtgs5iNfk,Видео,Уроки Python - MOKO SE,Python — автоматизация в MOKO SE,5,,Уроки Python,#B8EB55,Python,Урок,3,Типы сообщений,"Готово · новая партия 03, проверить",Проверить новый макет; весь ролик не просмотрен,"Исправлен прежний черновой смысл «этапы программы». В описании перечислены типы info, error, plugin, driver, report, warning. Правая карточка — схема типов, не снимок интерфейса.",thumbnails/koGtgs5iNfk.jpg,Плейлист Python + исходная обложка + описание и таймкоды автора
38,9QniN5XarQo,Урок №2. Запуск проекта. Импорт библиотеки MOKO и применение стандартных функций.,https://www.youtube.com/watch?v=9QniN5XarQo,Видео,Уроки Python - MOKO SE,Python — автоматизация в MOKO SE,4,,Уроки Python,#B8EB55,Python,Урок,2,Запускаем проект,"Готово · новая партия 03, проверить",Проверить новый макет; весь ролик не просмотрен,"Описание и главы: изменение имени скрипта, заполнение трёх скриптов и повторные запуски. Не смешивать со сборкой проекта в уроке 1.",thumbnails/9QniN5XarQo.jpg,Плейлист Python + исходная обложка + описание и таймкоды автора
39,tgIy0Ra-mn0,Урок №0.1. Разбираем предназначение всех папок в директории платформы.,https://www.youtube.com/watch?v=tgIy0Ra-mn0,Видео,Уроки Python - MOKO SE,Python — автоматизация в MOKO SE,2,,Уроки Python,#B8EB55,Python,Урок,0.1,Структура папок,"Готово · новая партия 03, проверить",Проверить новый макет; весь ролик не просмотрен,"По описанию: назначение Data, Drivers, Images, Plugins, Projects, PythonLibrary и остальных папок. Иллюстрация папок, не абстрактное дерево данных из урока 14.",thumbnails/tgIy0Ra-mn0.jpg,Плейлист Python + исходная обложка + описание и таймкоды автора
40,pzxfkmvQW2U,"Урок №1. Создание проекта: подключение скриптов, библиотек и шаблона Microsoft Word.",https://www.youtube.com/watch?v=pzxfkmvQW2U,Видео,Уроки Python - MOKO SE,Python — автоматизация в MOKO SE,3,,Уроки Python,#B8EB55,Python,Урок,1,Собираем проект,"Готово · новая партия 03, проверить",Проверить новый макет; весь ролик не просмотрен,"Подключение трёх скриптов, MOKO.py и шаблона Microsoft Word. Концептуальная схема сборки, без выдуманных настроек программы.",thumbnails/pzxfkmvQW2U.jpg,Плейлист Python + исходная обложка + описание и таймкоды автора
41,BSgXt5addDM,Урок №0. Введение. Установка MOKO SE и PyCharm,https://www.youtube.com/watch?v=BSgXt5addDM,Видео,Уроки Python - MOKO SE,Python — автоматизация в MOKO SE,1,,Уроки Python,#B8EB55,Python,Урок,0,Первый запуск,"Готово · новая партия 02, проверить",,,thumbnails/BSgXt5addDM.jpg,Текущий плейлист Python + исходная обложка
42,e_2bLrqE6sk,Контроллеры Управления и Телеметрии.  Системы телеметрии. Моноблоки.,https://www.youtube.com/watch?v=e_2bLrqE6sk,Видео,MOKO - Новинки видео; MOKO - решения и обзоры,Электроника и оборудование — проекты MOKO,2,,Практика · Электроника,#55C9FF,Не подтверждён / не применимо,Видео,,Контроллеры и телеметрия,В очереди,Тематика по метаданным; содержание не просмотрено полностью,,,"Название, текущие плейлисты и исходная обложка"
43,UO_n5resEjA,Как сделать ассоциативные файлы с программой,https://www.youtube.com/watch?v=UO_n5resEjA,Видео,MOKO - Новинки видео; MOKO - Уроки по программированию и не только,"Разработка ПО — практика, инструменты и стримы",7,,Разработка · Практика,#FF9A48,Не подтверждён / не применимо,Видео,,Открываем файл программой,В очереди,Тематика по метаданным; содержание не просмотрено полностью,,,"Название, текущие плейлисты и исходная обложка"
44,zdXMG-IOhjA,Johnny Respect - проморолик,https://www.youtube.com/watch?v=zdXMG-IOhjA,Видео,МОКО - Промо ролики,Медиапроекты MOKO — промо и съёмки,1,,Медиа · Портфолио,#B69AFF,Не подтверждён / не применимо,Промо,,Johnny Respect / промо,В очереди,Тематика по метаданным; содержание не просмотрено полностью,,,"Название, текущие плейлисты и исходная обложка"
45,hirOeoPDYvY,MOKO SE - платформа для автоматизации.,https://www.youtube.com/watch?v=hirOeoPDYvY,Видео,МОКО - Промо ролики,MOKO SE — возможности и инструкции,2,,MOKO SE · Инструкции,#55D6C2,Не подтверждён / не применимо,Видео,,Платформа автоматизации,В очереди,Тематика по метаданным; содержание не просмотрено полностью,Проверить версию программы и актуальность интерфейса перед финальной обложкой.,,"Название, текущие плейлисты и исходная обложка"
46,9IOlJ_qBQ74,MOKO SE - платформа для автоматизации. Магия.,https://www.youtube.com/watch?v=9IOlJ_qBQ74,Видео,МОКО - Промо ролики,MOKO SE — возможности и инструкции,3,,MOKO SE · Инструкции,#55D6C2,Не подтверждён / не применимо,Видео,,MOKO SE в действии,В очереди,Тематика по метаданным; содержание не просмотрено полностью,Проверить версию программы и актуальность интерфейса перед финальной обложкой.,,"Название, текущие плейлисты и исходная обложка"
47,gb45P9-3Yfk,Интеграция TELEGRAM бота в MOKO SE,https://www.youtube.com/watch?v=gb45P9-3Yfk,Видео,MOKO - Новинки видео; MOKO SE - Платформа для автоматизации измерений,MOKO SE — возможности и инструкции,13,"Разработка ПО — практика, инструменты и стримы",MOKO SE · Инструкции,#55D6C2,Не подтверждён / не применимо,Видео,,Подключаем Telegram,В очереди,Тематика по метаданным; содержание не просмотрено полностью,,,"Название, текущие плейлисты и исходная обложка"
48,VzMZ4ohlJhI,Использование картинок в Message и Report. MOKO SE,https://www.youtube.com/watch?v=VzMZ4ohlJhI,Видео,MOKO - Новинки видео; MOKO SE - Платформа для автоматизации измерений,MOKO SE — возможности и инструкции,8,,MOKO SE · Инструкции,#55D6C2,Не подтверждён / не применимо,Видео,,Изображения в отчётах,В очереди,Тематика по метаданным; содержание не просмотрено полностью,,,"Название, текущие плейлисты и исходная обложка"
49,crbctMTtlG8,Мини обзор на Моноблоки Тесла с сенсорным дисплеем.,https://www.youtube.com/watch?v=crbctMTtlG8,Видео,MOKO - Новинки видео; MOKO - решения и обзоры,Электроника и оборудование — проекты MOKO,3,,Практика · Электроника,#55C9FF,Не подтверждён / не применимо,Видео,,Сенсорные моноблоки,В очереди,Тематика по метаданным; содержание не просмотрено полностью,,,"Название, текущие плейлисты и исходная обложка"
50,WY41Ggzugy4,Презентация MOKO SE: большая не обрезанная. Знакомство и первый запуск.,https://www.youtube.com/watch?v=WY41Ggzugy4,Видео,MOKO - Новинки видео; MOKO SE - Платформа для автоматизации измерений,MOKO SE — возможности и инструкции,1,,MOKO SE · Инструкции,#55D6C2,Не подтверждён / не применимо,Видео,,Знакомство с MOKO SE,В очереди,Тематика по метаданным; содержание не просмотрено полностью,Проверить версию программы и актуальность интерфейса перед финальной обложкой.,,"Название, текущие плейлисты и исходная обложка"
51,DStpNxJKxiI,Создаем уникальную кнопку в Labview,https://www.youtube.com/watch?v=DStpNxJKxiI,Видео,MOKO - Уроки по программированию и не только,"LabVIEW — драйверы, утилиты и плагины",8,"Разработка ПО — практика, инструменты и стримы",Разработка · LabVIEW,#FF9A48,LabVIEW,Урок,,Кнопка в LabVIEW,В очереди,,,,Название LabVIEW или логотип LabVIEW на исходной обложке
52,TSAL-e7zO8Q,Делаем вместе c Johnny Respect каталог продукции МОКО.,https://www.youtube.com/watch?v=TSAL-e7zO8Q,Видео,MOKO - решения и обзоры,Медиапроекты MOKO — промо и съёмки,2,,Медиа · Портфолио,#B69AFF,Не подтверждён / не применимо,Промо,,Создаём каталог MOKO,В очереди,Тематика по метаданным; содержание не просмотрено полностью,,,"Название, текущие плейлисты и исходная обложка"
53,S1q0p8HLVqY,MOKO SE - Создание PDF документов,https://www.youtube.com/watch?v=S1q0p8HLVqY,Видео,MOKO SE - Платформа для автоматизации измерений,MOKO SE — возможности и инструкции,6,,MOKO SE · Инструкции,#55D6C2,Не подтверждён / не применимо,Видео,,Создаём PDF,В очереди,Тематика по метаданным; содержание не просмотрено полностью,,,"Название, текущие плейлисты и исходная обложка"
54,dOhiPXQIljo,Управление запуском скриптов. MOKO SE.,https://www.youtube.com/watch?v=dOhiPXQIljo,Видео,MOKO SE - Платформа для автоматизации измерений,MOKO SE — возможности и инструкции,4,,MOKO SE · Инструкции,#55D6C2,Не подтверждён / не применимо,Видео,,Запуск скриптов,В очереди,Тематика по метаданным; содержание не просмотрено полностью,Проверить версию программы и актуальность интерфейса перед финальной обложкой.,,"Название, текущие плейлисты и исходная обложка"
55,2BudDX-Tjqc,Контроллер управления холодильниками ATLANT + мобильное приложение,https://www.youtube.com/watch?v=2BudDX-Tjqc,Видео,MOKO - решения и обзоры,Электроника и оборудование — проекты MOKO,4,,Практика · Электроника,#55C9FF,Не подтверждён / не применимо,Видео,,Контроллер ATLANT,В очереди,Тематика по метаданным; содержание не просмотрено полностью,,,"Название, текущие плейлисты и исходная обложка"
56,VeR-7cU_-Mc,БелЭнергоКип - промо ролик,https://www.youtube.com/watch?v=VeR-7cU_-Mc,Видео,МОКО - Промо ролики,Медиапроекты MOKO — промо и съёмки,3,,Медиа · Портфолио,#B69AFF,Не подтверждён / не применимо,Промо,,БелЭнергоКип / промо,В очереди,Тематика по метаданным; содержание не просмотрено полностью,,,"Название, текущие плейлисты и исходная обложка"
57,ASLRmlpA5Xw,Модернизированный аппарат для упаковки от компании МОКО.,https://www.youtube.com/watch?v=ASLRmlpA5Xw,Видео,MOKO - решения и обзоры,Электроника и оборудование — проекты MOKO,5,,Практика · Электроника,#55C9FF,Не подтверждён / не применимо,Видео,,Модернизация упаковки,В очереди,Тематика по метаданным; содержание не просмотрено полностью,,,"Название, текущие плейлисты и исходная обложка"
58,9sQpjOUh7f4,Презентация плагина MOKO GRAPH,https://www.youtube.com/watch?v=9sQpjOUh7f4,Видео,MOKO SE - Платформа для автоматизации измерений,MOKO SE — возможности и инструкции,12,"Разработка ПО — практика, инструменты и стримы",MOKO SE · Инструкции,#55D6C2,Не подтверждён / не применимо,Видео,,Знакомство с MOKO Graph,В очереди,Тематика по метаданным; содержание не просмотрено полностью,,,"Название, текущие плейлисты и исходная обложка"
59,cA1GXKStbMA,Вставка спец символов в MOKO SE,https://www.youtube.com/watch?v=cA1GXKStbMA,Видео,MOKO SE - Платформа для автоматизации измерений,MOKO SE — возможности и инструкции,11,,MOKO SE · Инструкции,#55D6C2,Не подтверждён / не применимо,Видео,,Спецсимволы в MOKO SE,В очереди,Тематика по метаданным; содержание не просмотрено полностью,,,"Название, текущие плейлисты и исходная обложка"
60,4Ot8GxQA6Yc,Медиа услуги MOKO,https://www.youtube.com/watch?v=4Ot8GxQA6Yc,Видео,МОКО - Промо ролики; MOKO - решения и обзоры,Медиапроекты MOKO — промо и съёмки,4,,Медиа · Портфолио,#B69AFF,Не подтверждён / не применимо,Промо,,Медиауслуги MOKO,В очереди,Тематика по метаданным; содержание не просмотрено полностью,,,"Название, текущие плейлисты и исходная обложка"
61,XoFGTU8Kovk,MOKO - разработка электроники и программного обеспечения.,https://www.youtube.com/watch?v=XoFGTU8Kovk,Видео,МОКО - Промо ролики,"MOKO — компания, выставки и интервью",3,,Компания · События,#ED6262,Не подтверждён / не применимо,Видео,,Инженерия MOKO,В очереди,Тематика по метаданным; содержание не просмотрено полностью,,,"Название, текущие плейлисты и исходная обложка"
62,7YQ0j-HUuOs,Анонс второй версии MOKO SE,https://www.youtube.com/watch?v=7YQ0j-HUuOs,Видео,MOKO SE - Платформа для автоматизации измерений,MOKO SE — возможности и инструкции,16,,MOKO SE · Инструкции,#55D6C2,Не подтверждён / не применимо,Видео,,MOKO SE / версия 2,В очереди,Тематика по метаданным; содержание не просмотрено полностью,Проверить версию программы и актуальность интерфейса перед финальной обложкой.,,"Название, текущие плейлисты и исходная обложка"
63,VoaZTXhmnmM,MONITOR BALL. MALANKA. ENGLISH VERSION.,https://www.youtube.com/watch?v=VoaZTXhmnmM,Видео,МОКО - Промо ролики,Электроника и оборудование — проекты MOKO,6,,Практика · Электроника,#55C9FF,Не подтверждён / не применимо,Видео,,MONITOR BALL / EN,В очереди,Тематика по метаданным; содержание не просмотрено полностью,"Русская и английская версии одного проекта; обе сохраняются, английская с меткой EN.",,"Название, текущие плейлисты и исходная обложка"
64,6s3BE6TtCD4,Monitor Ball. MALANKA,https://www.youtube.com/watch?v=6s3BE6TtCD4,Видео,МОКО - Промо ролики,Электроника и оборудование — проекты MOKO,7,,Практика · Электроника,#55C9FF,Не подтверждён / не применимо,Видео,,MONITOR BALL,В очереди,Тематика по метаданным; содержание не просмотрено полностью,"Русская и английская версии одного проекта; обе сохраняются, английская с меткой EN.",,"Название, текущие плейлисты и исходная обложка"
65,xMjkBv8Qa10,Создание своих уникальных кнопок в программе.  Уроки Labview.,https://www.youtube.com/watch?v=xMjkBv8Qa10,Видео,MOKO - Уроки по программированию и не только,"LabVIEW — драйверы, утилиты и плагины",7,"Разработка ПО — практика, инструменты и стримы",Разработка · LabVIEW,#FF9A48,LabVIEW,Урок,,Свои кнопки,В очереди,,,,Название LabVIEW или логотип LabVIEW на исходной обложке
66,Z8M26IEMpOQ,Пример опции объединение отчетов на базе решения.  Поверка манометров. MOKO SE.,https://www.youtube.com/watch?v=Z8M26IEMpOQ,Видео,MOKO SE - Платформа для автоматизации измерений,"Автоматизация измерений — стенды, испытания и поверка",6,MOKO SE — возможности и инструкции,Практика · Испытания,#55C9FF,Не подтверждён / не применимо,Видео,,Объединяем отчёты,В очереди,Тематика по метаданным; содержание не просмотрено полностью,Проверить версию программы и актуальность интерфейса перед финальной обложкой.,,"Название, текущие плейлисты и исходная обложка"
67,9EyE3bgGmZo,SOFTEQ LAB компания сделала нам подарок.,https://www.youtube.com/watch?v=9EyE3bgGmZo,Видео,МОКО - Промо ролики,"MOKO — компания, выставки и интервью",4,,Компания · События,#ED6262,Не подтверждён / не применимо,Видео,,Подарок от SOFTEQ,В очереди,Тематика по метаданным; содержание не просмотрено полностью,,,"Название, текущие плейлисты и исходная обложка"
68,4jCy0mh3E9s,Как создать красивую иконку для программы в формате ico,https://www.youtube.com/watch?v=4jCy0mh3E9s,Видео,MOKO - Уроки по программированию и не только,"Разработка ПО — практика, инструменты и стримы",8,,Разработка · Практика,#FF9A48,Не подтверждён / не применимо,Видео,,Иконка для программы,В очереди,Тематика по метаданным; содержание не просмотрено полностью,,,"Название, текущие плейлисты и исходная обложка"
69,gWQBcpK8X5A,Новый параметр для Тонального Модема. C# .Net.,https://www.youtube.com/watch?v=gWQBcpK8X5A,Видео,MOKO - Уроки по программированию и не только,"Разработка ПО — практика, инструменты и стримы",9,,Разработка · Практика,#FF9A48,C# / .NET,Видео,,Настройка модема,В очереди,Тематика по метаданным; содержание не просмотрено полностью,,,"Название, текущие плейлисты и исходная обложка"
70,7DngQ_kX12M,Создаем State Machine для управления очередью. Уроки LabView.,https://www.youtube.com/watch?v=7DngQ_kX12M,Видео,MOKO - Уроки по программированию и не только,"LabVIEW — драйверы, утилиты и плагины",9,"Разработка ПО — практика, инструменты и стримы",Разработка · LabVIEW,#FF9A48,LabVIEW,Урок,,State Machine,"Готово · новая партия 02, проверить",,,thumbnails/7DngQ_kX12M.jpg,Название LabVIEW или логотип LabVIEW на исходной обложке
71,1CXaEv7QwuE,Не запускается программа сервер на C# .Net. Что делать?,https://www.youtube.com/watch?v=1CXaEv7QwuE,Видео,MOKO - Уроки по программированию и не только,"Разработка ПО — практика, инструменты и стримы",10,,Разработка · Практика,#FF9A48,C# / .NET,Видео,,C# / сервер не запускается,В очереди,Тематика по метаданным; содержание не просмотрено полностью,,,"Название, текущие плейлисты и исходная обложка"
72,c1p5m_dTpdo,Управление плагинами написанными на С#  .net и т.д. MOKO SE.,https://www.youtube.com/watch?v=c1p5m_dTpdo,Видео,MOKO SE - Платформа для автоматизации измерений,MOKO SE — возможности и инструкции,15,"Разработка ПО — практика, инструменты и стримы",MOKO SE · Инструкции,#55D6C2,C# / .NET,Видео,,Плагины на C#,В очереди,Тематика по метаданным; содержание не просмотрено полностью,Проверить версию программы и актуальность интерфейса перед финальной обложкой.,,"Название, текущие плейлисты и исходная обложка"
73,5Lm54uJEyL8,Как создать несколько Google дисков на одном компьютере Win 10.,https://www.youtube.com/watch?v=5Lm54uJEyL8,Видео,MOKO - Уроки по программированию и не только,"Разработка ПО — практика, инструменты и стримы",11,,Разработка · Практика,#FF9A48,Не подтверждён / не применимо,Видео,,Несколько Google Дисков,В очереди,Актуальность; Тематика по метаданным; содержание не просмотрено полностью,Windows 10 и инструкция по Google Дискам могут быть устаревшими; проверить актуальность.,,"Название, текущие плейлисты и исходная обложка"
74,sv1_km5KX00,Изменение разрешения картинки. MOKO SE.,https://www.youtube.com/watch?v=sv1_km5KX00,Видео,MOKO SE - Платформа для автоматизации измерений,MOKO SE — возможности и инструкции,9,,MOKO SE · Инструкции,#55D6C2,Не подтверждён / не применимо,Видео,,Размер изображений,В очереди,Тематика по метаданным; содержание не просмотрено полностью,Проверить версию программы и актуальность интерфейса перед финальной обложкой.,,"Название, текущие плейлисты и исходная обложка"
75,xEI929oBzYg,Report TABLE через точку с запятой. MOKO SE.,https://www.youtube.com/watch?v=xEI929oBzYg,Видео,MOKO SE - Платформа для автоматизации измерений,MOKO SE — возможности и инструкции,7,,MOKO SE · Инструкции,#55D6C2,Не подтверждён / не применимо,Видео,,Таблицы в отчёте,В очереди,Тематика по метаданным; содержание не просмотрено полностью,Проверить версию программы и актуальность интерфейса перед финальной обложкой.,,"Название, текущие плейлисты и исходная обложка"
76,jR89eqIiAGM,Загрузка картинок разных форматов. MOKO SE.,https://www.youtube.com/watch?v=jR89eqIiAGM,Видео,MOKO SE - Платформа для автоматизации измерений,MOKO SE — возможности и инструкции,10,,MOKO SE · Инструкции,#55D6C2,Не подтверждён / не применимо,Видео,,Форматы изображений,В очереди,Тематика по метаданным; содержание не просмотрено полностью,Проверить версию программы и актуальность интерфейса перед финальной обложкой.,,"Название, текущие плейлисты и исходная обложка"
77,U2Y2vPSSbLE,Создание PRESET для устройства в плагине. Часть 2. Уроки LabView.,https://www.youtube.com/watch?v=U2Y2vPSSbLE,Видео,MOKO - Уроки по программированию и не только,"LabVIEW — драйверы, утилиты и плагины",13,"Разработка ПО — практика, инструменты и стримы",Разработка · LabVIEW,#FF9A48,LabVIEW,Урок,,PRESET / часть 2,В очереди,,,,Название LabVIEW или логотип LabVIEW на исходной обложке
78,POZUZuiS7cI,Создание PRESET для устройства в плагине. Часть 1. Уроки LabView.,https://www.youtube.com/watch?v=POZUZuiS7cI,Видео,MOKO - Уроки по программированию и не только,"LabVIEW — драйверы, утилиты и плагины",12,"Разработка ПО — практика, инструменты и стримы",Разработка · LabVIEW,#FF9A48,LabVIEW,Урок,,PRESET / часть 1,В очереди,,,,Название LabVIEW или логотип LabVIEW на исходной обложке
79,lSWbtmhcpfc,Обновление внешней библиотеки LabView на примере JSON. Уроки LabView.,https://www.youtube.com/watch?v=lSWbtmhcpfc,Видео,MOKO - Уроки по программированию и не только,"LabVIEW — драйверы, утилиты и плагины",10,"Разработка ПО — практика, инструменты и стримы",Разработка · LabVIEW,#FF9A48,LabVIEW,Урок,,Обновляем библиотеку,"Готово · новая партия 02, проверить",,,thumbnails/lSWbtmhcpfc.jpg,Название LabVIEW или логотип LabVIEW на исходной обложке
80,fXtQYcZJ7tA,Создаем новый плагин  используя MOKO ExPlugin. Уроки LabView.,https://www.youtube.com/watch?v=fXtQYcZJ7tA,Видео,MOKO - Уроки по программированию и не только,"LabVIEW — драйверы, утилиты и плагины",11,"Разработка ПО — практика, инструменты и стримы",Разработка · LabVIEW,#FF9A48,LabVIEW,Урок,,Создаём плагин,В очереди,,,,Название LabVIEW или логотип LabVIEW на исходной обложке
81,T-uG-K0wJdg,Настройки вида лицевой программы. Уроки LabView.,https://www.youtube.com/watch?v=T-uG-K0wJdg,Видео,MOKO - Уроки по программированию и не только,"LabVIEW — драйверы, утилиты и плагины",6,"Разработка ПО — практика, инструменты и стримы",Разработка · LabVIEW,#FF9A48,LabVIEW,Урок,,Настройка интерфейса,В очереди,,,,Название LabVIEW или логотип LabVIEW на исходной обложке
82,q8obUwFp1m8,Функционал дерева. MOKO SE.,https://www.youtube.com/watch?v=q8obUwFp1m8,Видео,MOKO SE - Платформа для автоматизации измерений,MOKO SE — возможности и инструкции,5,,MOKO SE · Инструкции,#55D6C2,Не подтверждён / не применимо,Видео,,Дерево в MOKO SE,В очереди,Тематика по метаданным; содержание не просмотрено полностью,Проверить версию программы и актуальность интерфейса перед финальной обложкой.,,"Название, текущие плейлисты и исходная обложка"
83,PwvxyezgN9U,Передвижная установка поверки систем налива нефтепродуктов от партнеров. Продукты и решения MOKO.,https://www.youtube.com/watch?v=PwvxyezgN9U,Видео,MOKO - решения и обзоры,"Автоматизация измерений — стенды, испытания и поверка",7,,Практика · Испытания,#55C9FF,Не подтверждён / не применимо,Видео,,Поверка систем налива,В очереди,Тематика по метаданным; содержание не просмотрено полностью,,,"Название, текущие плейлисты и исходная обложка"
84,0Y3moGLIZbM,Лаборатория под ключ. Лекция.,https://www.youtube.com/watch?v=0Y3moGLIZbM,Видео,MOKO - Презентации и интервью,"Автоматизация измерений — стенды, испытания и поверка",1,,Практика · Испытания,#55C9FF,Не подтверждён / не применимо,Видео,,Лаборатория под ключ,В очереди,Тематика по метаданным; содержание не просмотрено полностью,,,"Название, текущие плейлисты и исходная обложка"
85,rSy3uobcJwU,Интервью CEO МОКО на ежегодной конференции Keysight,https://www.youtube.com/watch?v=rSy3uobcJwU,Видео,MOKO - решения и обзоры; MOKO - СМИ о Нас; MOKO - Презентации и интервью,"MOKO — компания, выставки и интервью",5,,Компания · События,#ED6262,Не подтверждён / не применимо,Видео,,MOKO на Keysight,В очереди,Тематика по метаданным; содержание не просмотрено полностью,,,"Название, текущие плейлисты и исходная обложка"
86,zTD8sbNUeGU,"Контроллеры: КУиТ-862, STM32F7. Мобильное приложение телеметрии. Продукты и решения MOKO.",https://www.youtube.com/watch?v=zTD8sbNUeGU,Видео,MOKO - решения и обзоры,Электроника и оборудование — проекты MOKO,8,,Практика · Электроника,#55C9FF,Не подтверждён / не применимо,Видео,,КУиТ-862 / телеметрия,В очереди,Тематика по метаданным; содержание не просмотрено полностью,,,"Название, текущие плейлисты и исходная обложка"
87,24djPbWsmM8,"Разработка, производство радиоэлектронного оборудования спец. назначения. Продукты и решения MOKO.",https://www.youtube.com/watch?v=24djPbWsmM8,Видео,MOKO - решения и обзоры,Электроника и оборудование — проекты MOKO,9,,Практика · Электроника,#55C9FF,Не подтверждён / не применимо,Видео,,Разработка спецоборудования,В очереди,Тематика по метаданным; содержание не просмотрено полностью,,,"Название, текущие плейлисты и исходная обложка"
88,GxL-DZFXYQY,Передача с датчика информации на 2API.by для packbel.by. Продукты и решения MOKO.,https://www.youtube.com/watch?v=GxL-DZFXYQY,Видео,MOKO - решения и обзоры,Электроника и оборудование — проекты MOKO,10,,Практика · Электроника,#55C9FF,Не подтверждён / не применимо,Видео,,Датчик → 2API.by,В очереди,Тематика по метаданным; содержание не просмотрено полностью,,,"Название, текущие плейлисты и исходная обложка"
89,Sz_qOev_6Y0,Поворотное устройство с навесной конструкцией и видеокамерой. Продукты и решения MOKO.,https://www.youtube.com/watch?v=Sz_qOev_6Y0,Видео,MOKO - решения и обзоры,Электроника и оборудование — проекты MOKO,11,,Практика · Электроника,#55C9FF,Не подтверждён / не применимо,Видео,,Поворотная видеосистема,В очереди,Тематика по метаданным; содержание не просмотрено полностью,,,"Название, текущие плейлисты и исходная обложка"
90,opy_PhgdODo,Стенд водоподготовки в БелГисс. Продукты и решения MOKO.,https://www.youtube.com/watch?v=opy_PhgdODo,Видео,MOKO - решения и обзоры,"Автоматизация измерений — стенды, испытания и поверка",8,,Практика · Испытания,#55C9FF,Не подтверждён / не применимо,Видео,,Стенд водоподготовки,В очереди,Тематика по метаданным; содержание не просмотрено полностью,,,"Название, текущие плейлисты и исходная обложка"
91,t9HsjGb3dFs,Стенд испытания стиральных машин в БелГисс. Продукты и решения MOKO.,https://www.youtube.com/watch?v=t9HsjGb3dFs,Видео,MOKO - решения и обзоры,"Автоматизация измерений — стенды, испытания и поверка",9,,Практика · Испытания,#55C9FF,Не подтверждён / не применимо,Видео,,Испытания стиральных машин,В очереди,Тематика по метаданным; содержание не просмотрено полностью,,,"Название, текущие плейлисты и исходная обложка"
92,m96Fj9w5RGw,Прототип на базе stm32f769. Продукты и решения MOKO.,https://www.youtube.com/watch?v=m96Fj9w5RGw,Видео,MOKO - решения и обзоры,Электроника и оборудование — проекты MOKO,12,,Практика · Электроника,#55C9FF,Не подтверждён / не применимо,Видео,,Прототип STM32F769,В очереди,Тематика по метаданным; содержание не просмотрено полностью,,,"Название, текущие плейлисты и исходная обложка"
93,69rZmdvcS_8,Промо MOKO. Тестирование Short. #mokose #moko #johnnyrespect,https://www.youtube.com/shorts/69rZmdvcS_8,Shorts,,Медиапроекты MOKO — промо и съёмки,5,,Медиа · Портфолио,#B69AFF,Не подтверждён / не применимо,Shorts,,MOKO / короткое промо,Ожидает вертикального макета,Вертикальный формат; Тематика по метаданным; содержание не просмотрено полностью,Нужен отдельный вертикальный макет; способ применения проверить в текущем интерфейсе YouTube.,,"Название, текущие плейлисты и исходная обложка"
94,IQ2V9DLpqjg,Драйвера на LabView для роботизированной руки Rozum Robotics. Продукты и решения MOKO.,https://www.youtube.com/shorts/IQ2V9DLpqjg,Shorts,MOKO - решения и обзоры,Электроника и оборудование — проекты MOKO,13,"Разработка ПО — практика, инструменты и стримы",Практика · Электроника,#55C9FF,LabVIEW,Shorts,,Драйверы роботизированной руки,Ожидает вертикального макета,Вертикальный формат; Тематика по метаданным; содержание не просмотрено полностью,Нужен отдельный вертикальный макет; способ применения проверить в текущем интерфейсе YouTube.,,"Название, текущие плейлисты и исходная обложка"
